Name,Crossing,Finishing,Heading Accuracy,Short Passing,Volleys,Dribbling,Curve,FK Accuracy,Long Passing,Ball Control,Acceleration,Sprint Speed,Agility,Reactions,Balance,Shot Power,Jumping,Stamina,Strength,Long Shots,Aggression,Interceptions,Positioning,Vision,Penalties,Composure,Marking,Standing Tackle,Sliding Tackle,GK Diving,GK Handling,GK Kicking,GK Positioning,GK Reflexes
J. Oblak,13,11,15,29,13,12,13,14,26,16,43,60,67,84,49,22,76,41,78,12,34,19,11,55,11,55,14,12,18,84,90,77,87,84
S. Vrsaljko,82,44,69,74,53,74,70,57,70,78,84,82,67,77,72,75,84,89,73,58,75,79,65,68,52,67,77,81,75,15,11,10,10,12
J. Giménez,47,37,79,68,30,47,36,44,58,56,68,72,57,76,50,72,90,68,84,48,89,85,24,27,38,73,85,84,87,9,11,7,10,15
D. Godín,55,42,92,79,47,53,49,51,70,76,64,70,63,85,58,67,89,67,80,43,88,88,48,52,50,82,87,86,89,6,8,15,5,15
Filipe Luís,85,59,68,79,56,77,74,75,77,81,79,82,74,84,60,71,71,91,74,60,81,84,71,70,65,88,85,84,87,11,15,9,9,5
A. Correa,64,82,65,68,79,87,82,65,60,85,85,79,87,82,83,80,52,67,62,83,41,45,79,69,55,72,46,51,44,13,10,9,8,16
T. Partey,58,60,68,83,53,78,62,58,73,79,75,78,73,76,55,79,82,86,81,75,76,78,60,71,46,75,73,81,76,11,13,9,9,7
Saúl,69,77,83,86,48,82,63,60,80,84,74,73,76,82,68,75,79,80,76,76,65,78,81,79,55,80,70,82,77,7,13,12,10,9
Koke,84,71,61,86,56,80,85,76,85,86,74,70,77,84,79,84,61,84,75,81,71,66,82,89,59,75,66,69,51,14,12,5,10,13
A. Griezmann,82,88,86,81,87,87,84,75,75,86,87,86,90,90,80,81,87,76,61,82,69,35,91,76,71,86,23,22,11,14,8,14,13,14
Diego Costa,65,88,82,65,80,77,62,59,52,82,76,78,58,85,52,82,64,80,91,73,93,40,87,74,75,83,28,39,34,11,13,12,8,11
K. Gameiro,70,82,67,79,78,76,76,70,72,80,88,86,82,85,77,84,84,76,64,76,66,38,86,76,85,85,23,33,39,6,10,8,8,6
Fernando Torres,68,76,77,79,81,80,80,63,51,79,74,80,71,73,54,83,75,61,73,73,62,20,80,76,74,69,17,22,18,14,13,8,9,10
Vitolo,80,79,65,81,75,86,76,62,82,85,81,79,75,80,63,77,70,81,81,73,61,25,80,78,74,70,25,21,23,11,16,8,14,16
Gabi,67,67,51,84,64,74,86,75,83,79,62,65,74,80,73,81,60,76,69,76,82,82,72,79,83,83,76,79,74,6,12,10,5,10
Juanfran,83,54,59,77,49,77,80,59,66,79,76,87,75,82,62,68,68,82,74,53,78,76,68,72,66,74,80,82,81,11,14,10,15,7
S. Savić,35,34,81,67,27,47,34,28,69,66,60,65,60,78,54,43,85,60,77,31,83,84,29,41,37,75,85,82,84,14,13,14,13,12
A. Werner,14,19,15,25,12,13,20,15,19,23,41,46,34,53,43,24,58,38,75,18,24,27,16,39,23,31,16,13,17,78,70,74,66,71
L. Hernández,57,36,80,70,23,46,38,28,63,69,71,70,69,65,61,62,83,68,72,47,77,78,31,37,34,66,77,80,81,10,7,8,14,10
Caio Henrique,47,58,44,70,43,66,73,71,68,70,70,58,69,60,72,55,52,58,33,62,42,29,58,71,48,66,31,44,40,11,15,9,6,8
Montoro,22,27,50,57,24,36,23,31,49,58,57,55,44,57,61,48,69,65,50,25,55,65,27,45,41,50,68,67,65,7,6,14,8,11
Toni Moya,44,52,45,65,38,61,44,47,56,63,67,68,64,62,66,52,65,52,52,37,58,49,54,66,51,58,51,48,47,9,13,9,6,11
K. Bare,37,56,50,70,32,63,39,40,66,60,73,70,66,60,73,50,60,74,71,52,59,52,65,62,39,64,52,47,49,13,12,11,11,13
N. Schiappacasse,53,67,50,54,41,68,43,45,35,63,69,74,65,57,65,62,45,55,55,69,35,24,63,59,51,49,17,25,23,13,12,11,6,14
Olabe,57,57,44,68,38,60,47,45,64,64,66,65,59,63,64,59,56,45,52,45,40,32,56,55,44,58,40,43,45,6,10,10,6,13
M. Boulahia,35,70,59,55,55,61,50,52,31,58,65,62,51,56,52,60,68,60,68,62,26,12,57,47,61,51,15,17,13,12,8,11,6,7
Juan Moreno,67,51,47,66,37,68,53,55,59,62,65,69,73,55,79,46,55,38,39,53,46,43,54,56,50,52,31,43,42,5,12,11,15,9
Sergi,59,35,64,63,32,52,39,36,61,55,67,59,58,62,73,51,61,64,57,39,55,64,42,32,40,54,59,62,60,10,7,11,13,9
Obama,52,64,51,55,53,62,43,42,38,58,66,64,62,59,80,60,58,54,51,58,34,15,56,46,65,49,12,11,16,10,13,7,11,8
Tachi,33,26,73,58,32,40,30,28,41,57,63,68,40,41,64,41,67,59,59,25,48,59,23,31,30,52,46,66,62,11,12,13,15,8
San Román,14,8,13,16,7,6,11,12,17,17,22,26,38,60,35,21,43,28,55,9,15,11,8,26,18,36,8,12,11,60,61,62,56,57
M. ter Stegen,15,14,11,30,14,17,18,12,38,18,38,50,37,84,43,22,79,35,79,10,43,22,11,57,25,62,10,13,10,86,84,87,84,89
Sergi Roberto,82,64,64,85,50,77,70,61,77,81,80,80,69,78,74,65,52,83,69,66,68,81,70,83,57,72,78,83,82,14,16,11,15,10
Piqué,57,64,83,81,57,59,58,43,80,78,55,73,58,84,42,62,74,66,83,51,72,88,58,62,69,86,86,87,86,10,11,14,15,8
S. Umtiti,69,51,72,79,70,69,72,63,73,75,72,75,68,77,66,83,87,79,78,74,80,86,58,58,61,74,80,85,83,15,10,14,12,15
Jordi Alba,85,73,69,80,60,80,77,64,70,83,93,93,90,82,86,64,81,90,60,66,75,85,78,70,59,76,83,84,84,13,15,13,6,13
Paulinho,64,75,84,82,75,80,66,72,76,84,76,76,70,84,66,83,88,92,80,79,81,78,84,75,71,80,77,78,73,16,16,11,6,8
I. Rakitić,81,83,58,87,80,84,88,84,90,87,67,64,72,77,66,84,44,78,63,88,67,69,80,87,78,81,52,65,53,14,11,12,5,9
Sergio Busquets,62,67,68,88,44,78,66,68,79,85,49,44,65,85,55,61,66,88,78,54,85,87,77,84,60,88,79,86,80,5,8,13,9,13
Coutinho,79,76,48,86,75,89,84,84,81,88,88,77,92,83,92,83,59,80,61,87,55,30,84,87,70,85,24,44,40,12,7,9,14,6
L. Messi,77,95,71,88,86,97,90,92,87,96,92,87,90,95,95,85,67,73,59,88,48,22,93,92,75,97,13,28,26,6,11,15,14,8
L. Suárez,77,94,77,83,88,86,86,84,64,91,88,77,86,93,60,87,69,89,80,86,78,41,92,84,85,83,30,45,38,27,25,31,33,37
O. Dembélé,77,77,43,74,76,92,78,65,68,85,93,89,90,82,85,82,59,74,47,65,54,36,78,84,75,73,29,30,33,6,6,14,10,13
Paco Alcácer,53,81,77,72,82,72,66,59,51,79,72,73,76,86,78,80,75,64,63,68,59,26,87,63,71,69,26,21,26,12,14,14,8,5
Iniesta,77,70,54,92,74,90,80,70,86,94,72,71,79,88,84,65,52,58,58,71,58,66,84,94,71,89,57,57,56,6,13,6,13,7
Nélson Semedo,75,50,58,74,42,80,61,30,65,78,91,92,88,82,83,74,80,90,59,60,77,80,73,62,38,75,76,77,78,16,12,10,14,12
Y. Mina,43,51,83,75,41,60,38,30,52,53,53,66,54,75,38,70,70,81,92,50,82,75,48,54,53,80,81,84,78,10,8,12,9,12
L. Digne,78,52,64,80,45,73,68,57,69,79,79,81,71,76,80,77,75,80,72,69,75,77,67,72,58,71,74,77,81,6,12,9,6,13
J. Cillessen,17,10,12,47,19,12,10,10,33,32,54,50,48,77,50,35,71,40,67,15,25,25,11,60,21,56,18,12,11,79,83,74,81,77
André Gomes,61,68,69,84,63,81,82,68,83,80,71,66,67,79,64,80,58,78,85,73,81,76,77,83,55,78,65,77,64,12,9,6,14,8
Denis Suárez,77,75,44,84,68,84,82,72,79,85,80,79,83,82,76,76,58,73,55,74,47,62,77,81,63,70,40,59,42,10,14,10,7,7
T. Vermaelen,63,52,81,78,56,55,61,65,72,64,69,67,60,70,57,78,88,56,79,68,77,73,41,51,62,72,75,77,78,9,10,7,11,15
Aleix Vidal,75,67,58,78,48,81,69,46,64,82,89,93,78,78,77,84,82,64,68,59,80,73,66,70,51,71,68,69,73,8,7,8,12,12
Sergi Samper,55,38,48,80,48,63,65,46,76,76,60,35,58,68,70,55,58,66,66,52,55,71,53,81,52,75,65,71,62,12,10,13,11,6
Rubén,12,14,12,31,11,15,11,28,32,20,38,41,51,68,52,31,73,33,60,20,33,18,14,45,25,51,11,13,12,76,73,77,67,68
Juanfran,73,57,69,72,53,71,64,60,67,79,76,81,76,73,70,79,74,88,73,80,68,75,69,63,59,68,72,73,74,13,9,13,10,14
Bóveda,80,48,71,72,51,65,66,38,66,76,73,76,69,65,66,57,69,75,64,51,80,76,58,51,59,71,76,76,80,8,8,12,13,12
Sidnei,56,46,74,71,33,59,36,39,68,76,65,62,51,75,45,61,79,69,86,50,77,80,44,44,58,71,80,82,77,10,16,12,9,14
Luisinho,80,49,67,79,45,78,67,59,68,78,75,70,73,78,77,59,44,73,57,53,83,77,66,64,51,68,75,78,79,8,8,13,8,12
S. Muntari,60,59,61,73,73,69,69,61,66,72,55,54,65,63,65,83,75,60,87,80,88,76,67,62,71,74,67,71,70,3,5,5,3,5
Guilherme,62,55,63,80,59,64,64,68,75,76,62,67,72,75,69,82,74,65,75,59,81,77,64,74,55,72,64,79,76,9,7,12,12,10
Lucas Pérez,74,82,68,77,78,81,82,77,70,82,80,81,74,81,75,83,65,73,73,80,67,38,80,81,79,75,24,24,26,14,8,8,10,10
Z. Bakkali,65,71,28,70,67,79,79,67,53,76,91,87,86,67,92,72,59,45,36,73,50,16,67,55,57,58,13,17,20,11,6,16,12,16
Adrián,60,80,71,73,75,82,76,57,55,84,68,65,74,78,64,77,74,53,68,76,58,32,78,71,67,66,21,19,16,13,14,12,6,15
F. Andone,62,78,78,67,76,72,58,55,53,76,79,78,78,85,69,79,80,88,75,74,87,51,85,67,74,85,27,52,38,8,6,11,15,6
E. Çolak,77,75,65,79,70,80,75,79,79,82,76,71,86,76,90,72,42,70,42,79,52,45,75,78,72,71,35,44,43,7,12,15,6,7
C. Borges,62,75,68,80,72,71,68,69,79,78,59,62,64,77,59,80,65,76,76,79,68,77,76,73,75,81,76,77,75,9,16,7,9,13
M. Krohn-Dehli,82,69,50,76,53,77,77,83,77,78,69,66,73,79,78,80,57,62,66,68,67,71,78,84,76,69,54,68,61,10,8,15,16,11
F. Cartabia,76,72,53,78,59,81,77,72,68,78,81,75,79,74,83,80,63,73,38,75,80,34,70,70,66,67,26,35,27,8,6,6,16,14
F. Schär,65,60,82,76,53,64,65,66,74,70,62,52,67,75,61,76,86,71,77,65,72,76,66,68,78,70,75,77,76,8,9,11,10,15
Fernando Navarro,70,36,65,69,58,64,71,62,65,69,56,60,60,78,68,68,69,68,74,62,76,77,59,56,33,81,81,78,79,7,6,13,13,6
M. Koval,12,19,19,22,12,20,13,19,19,24,47,42,35,59,46,20,59,38,71,13,18,16,13,15,24,21,16,13,17,70,67,66,70,74
Carles Gil,79,72,34,81,71,81,76,58,78,80,70,70,75,75,75,63,60,62,55,66,41,40,74,77,69,72,36,43,39,12,15,16,9,6
Mosquera,61,58,65,77,51,65,79,70,76,76,65,48,69,74,60,61,68,86,67,62,76,78,70,75,51,71,59,75,65,10,15,8,14,10
F. Valverde,49,67,48,79,38,69,51,48,80,75,68,70,54,69,65,77,55,65,57,79,52,58,61,75,42,62,48,66,50,6,10,6,15,8
Albentosa,41,51,71,63,66,32,32,45,62,54,32,37,37,61,28,54,68,65,89,31,84,72,28,35,42,48,69,72,62,12,15,11,12,11
Borja Valle,67,69,31,65,64,76,65,58,59,73,76,76,75,73,59,71,57,56,57,57,42,40,72,66,65,63,38,39,40,11,9,6,8,13
Gerard Valentín,73,32,42,68,29,75,65,22,61,78,92,92,90,62,71,41,70,73,61,35,65,60,64,57,36,59,64,69,66,8,10,8,6,10
Óscar Pinchi,71,77,44,70,55,75,61,44,59,76,69,68,73,55,79,65,57,53,51,70,39,44,61,59,47,63,35,39,34,5,12,6,12,13
Edu Expósito,56,72,46,73,36,74,34,40,68,72,66,58,63,69,70,68,50,57,49,73,58,67,63,66,42,59,55,66,52,9,15,8,6,8
S. One,32,25,73,52,31,32,35,33,38,51,54,60,46,61,60,47,75,53,77,23,58,62,30,40,45,52,63,73,64,15,9,14,14,15
Bicho,47,63,41,70,50,67,45,44,63,71,61,62,72,56,68,45,59,56,48,60,45,43,59,67,65,59,36,42,38,11,13,12,13,12
Luis Fernández,47,63,55,56,59,60,54,67,46,60,70,72,71,69,74,75,74,61,71,55,37,21,70,45,69,69,29,17,33,8,13,12,9,8
Bengoa,63,44,42,64,44,64,71,62,65,68,63,57,62,56,71,47,46,53,52,63,43,29,61,72,61,57,37,38,32,12,11,15,8,12
Jardel,56,68,53,60,57,65,43,45,49,63,67,70,56,54,62,62,44,46,63,60,32,22,60,45,50,50,23,21,26,8,6,14,8,9
P. Tytoń,10,14,14,32,13,15,13,12,32,20,51,49,48,72,40,22,65,31,71,14,32,22,13,35,22,51,14,17,14,67,66,69,70,72
F. Uzoho,13,9,13,37,9,10,14,13,24,12,26,30,32,62,26,32,53,45,51,8,22,22,10,42,11,27,8,13,11,66,70,71,69,67
K. Navas,11,15,11,30,11,16,11,15,37,19,54,53,60,82,61,21,74,39,75,13,32,20,16,54,25,49,12,14,14,89,78,72,80,88
Carvajal,83,41,65,81,34,76,72,47,71,83,76,86,82,81,79,64,76,84,75,36,81,82,61,57,45,74,85,85,86,13,13,15,9,15
R. Varane,36,40,83,75,42,57,46,54,76,77,80,85,58,81,47,52,80,68,85,53,77,82,44,56,43,82,84,86,85,11,11,9,5,14
Sergio Ramos,66,60,91,78,66,61,73,67,72,84,75,77,79,85,60,79,93,84,81,55,84,90,52,63,68,80,84,90,91,11,8,9,7,11
Marcelo,90,67,73,82,54,86,80,67,76,88,79,79,77,87,82,83,77,81,77,66,84,84,75,75,59,85,78,85,87,12,5,5,5,9
Casemiro,52,59,76,84,53,69,59,74,82,78,63,61,66,84,57,86,87,87,87,79,87,86,69,77,66,86,86,89,86,13,14,16,12,12
L. Modrić,78,71,55,92,74,86,79,77,84,92,75,71,93,88,94,73,67,82,58,82,62,78,79,90,80,84,66,80,73,13,9,7,14,9
T. Kroos,85,76,54,90,82,79,85,84,93,89,60,61,71,89,69,87,32,77,74,90,60,81,79,88,73,85,67,82,69,10,11,13,7,10
G. Bale,86,87,86,85,80,87,86,85,80,85,93,95,78,85,65,91,85,76,80,90,65,59,86,79,76,85,51,55,52,15,15,11,5,6
K. Benzema,75,83,78,86,79,82,79,73,55,86,78,78,77,83,60,83,70,73,79,76,65,22,87,85,82,79,13,15,12,13,11,5,5,7
Cristiano Ronaldo,85,94,88,83,88,91,81,76,77,93,89,91,89,96,63,94,95,92,80,92,63,29,95,85,85,95,22,31,23,7,11,15,14,11
Marco Asensio,81,82,50,84,79,85,83,76,82,86,85,84,78,78,76,86,58,74,61,87,45,45,77,84,62,83,29,42,39,13,9,6,12,10
Lucas Vázquez,85,73,52,83,54,82,82,75,75,83,85,82,81,85,85,82,67,90,57,80,65,44,81,83,56,67,31,50,44,9,16,9,9,7
Isco,73,85,55,88,65,91,86,74,84,94,78,75,87,79,90,73,64,71,59,87,58,66,83,87,76,86,25,64,51,10,8,12,15,6
M. Kovačić,73,62,42,87,76,88,78,68,82,87,85,77,76,68,79,79,63,83,65,75,71,70,69,88,59,72,52,69,63,9,5,6,7,7
Nacho Fernández,70,32,80,77,38,55,55,37,61,74,72,80,60,72,68,54,81,79,78,28,74,81,37,53,45,73,81,82,83,12,7,10,15,7
T. Hernández,70,50,68,72,62,78,63,64,52,74,88,91,75,64,61,74,62,77,78,54,75,67,50,47,41,65,71,74,78,12,10,7,7,7
Kiko Casilla,24,14,13,30,23,12,25,25,24,20,32,49,43,74,58,24,69,43,79,13,45,20,12,52,23,51,12,15,11,75,83,80,82,77
Dani Ceballos,70,62,37,80,57,82,69,61,78,83,72,65,72,78,73,57,52,66,60,63,76,76,73,80,55,71,70,77,74,12,15,16,7,13
Marcos Llorente,56,39,61,84,44,68,45,51,81,77,57,60,55,74,66,58,65,77,71,56,65,80,65,76,53,68,73,79,72,13,6,6,11,15
Borja Mayoral,58,78,63,66,67,68,34,57,43,71,72,75,74,75,66,71,68,49,62,58,27,12,77,56,69,62,12,13,20,12,9,8,15,7
Vallejo,41,44,74,76,36,56,29,31,75,67,69,77,69,77,69,49,77,66,69,31,74,82,32,33,45,76,78,78,81,10,13,15,13,6
A. Hakimi,69,57,60,68,37,71,46,55,65,75,83,82,75,67,71,71,64,80,71,60,57,68,58,61,46,62,68,70,73,10,8,14,6,8
Óscar,42,66,42,70,42,75,78,82,67,74,64,61,65,62,75,53,59,42,50,68,43,60,60,56,53,62,32,37,43,12,7,9,11,7
Álvaro Tejero,60,35,54,63,20,61,60,68,40,65,76,76,79,59,83,75,83,75,51,64,65,62,50,40,58,56,61,64,65,13,7,10,9,7
Cristo González,54,64,58,64,59,69,64,50,60,67,75,74,71,61,70,61,65,63,50,59,52,29,63,68,54,62,23,39,26,11,9,13,9,13
F. Feuillassier,62,71,49,60,55,68,44,45,45,62,62,65,60,53,79,72,52,63,60,70,45,22,58,56,50,54,22,23,20,7,13,9,13,5
L. Zidane,12,8,12,22,6,10,14,11,15,14,33,32,36,55,49,15,63,52,50,5,16,14,5,45,19,36,5,11,13,66,64,62,63,62
Moha Ramos,12,10,12,17,8,14,13,14,28,11,31,23,24,60,32,23,50,33,62,7,17,8,10,24,11,31,8,13,15,60,64,62,64,65
Kepa,25,11,17,32,18,10,25,19,36,16,34,33,41,79,39,25,71,37,51,14,18,21,15,55,24,26,19,18,16,82,80,75,78,84
Lekue,76,67,62,75,41,76,69,56,67,78,89,86,71,78,73,60,68,81,73,68,67,72,73,70,53,66,66,70,68,15,16,13,13,9
Unai Nuñez,29,16,76,74,21,35,27,22,33,69,67,70,51,65,59,39,72,68,78,17,74,80,23,30,31,45,73,78,77,9,9,15,6,11
Iñigo Martínez,51,42,78,74,37,53,72,51,77,70,72,74,67,75,64,81,89,72,78,74,86,82,48,46,39,69,85,81,84,12,16,11,13,11
Balenziaga,78,41,70,73,50,67,76,33,70,76,73,76,68,73,68,61,78,85,72,54,76,77,54,62,44,69,78,80,78,15,10,7,6,11
Beñat,80,69,47,83,61,73,83,84,84,80,65,52,71,78,74,87,59,79,70,81,79,70,78,84,69,73,59,74,65,16,10,14,6,13
Mikel San José,47,62,82,81,75,69,31,44,80,78,38,47,47,82,55,71,77,79,79,76,74,81,70,77,51,70,72,82,74,10,6,10,8,16
Raúl García,78,75,90,79,55,74,72,68,77,85,54,60,65,87,63,84,76,75,82,80,84,69,85,83,76,83,54,74,63,14,16,14,16,15
Williams,78,76,70,79,68,82,49,53,66,81,92,94,78,78,49,85,84,77,84,78,66,21,76,75,64,71,28,38,31,14,15,14,10,13
Aduriz,54,85,94,73,84,79,61,54,52,84,69,72,53,85,57,83,94,70,85,80,82,23,86,73,82,87,46,44,49,14,10,9,15,9
Susaeta,88,69,52,82,62,85,83,82,81,84,81,74,82,76,74,77,65,69,58,76,68,43,76,84,58,79,16,23,27,12,7,8,6,10
Muniain,74,73,43,75,63,84,78,69,65,83,85,78,87,81,94,61,73,65,47,72,66,45,80,74,61,77,33,55,34,10,5,5,13,12
Córdoba,74,70,51,75,45,79,63,38,65,76,85,84,84,58,75,70,68,66,65,77,68,35,70,68,71,73,14,62,62,13,8,12,13,8
Iturraspe,57,61,78,81,47,69,68,66,80,78,57,60,53,83,43,67,43,69,79,69,66,82,73,79,58,71,72,82,79,7,12,8,7,9
Mikel Rico,55,59,58,78,53,60,52,63,78,73,60,48,68,80,73,80,79,81,76,58,72,79,68,77,60,82,62,79,75,15,7,10,9,9
De Marcos,78,59,59,77,57,76,77,53,69,81,83,89,77,85,74,73,78,93,74,56,76,79,80,66,55,76,63,80,78,8,6,13,15,9
Etxeita,36,29,77,64,38,47,35,43,54,64,43,59,67,76,55,54,79,72,82,34,86,75,28,30,30,68,79,79,81,6,7,8,10,7
Herrerín,14,13,14,16,15,19,15,12,29,12,45,34,54,74,55,22,62,42,80,16,37,23,16,40,25,15,15,16,12,78,84,71,77,75
Saborit,70,40,68,66,30,65,72,46,65,72,72,73,74,63,46,54,58,80,78,59,70,73,53,52,53,61,72,74,69,16,7,9,12,12
Sabin Merino,72,77,80,66,71,80,67,66,62,76,73,80,61,71,50,64,62,56,65,68,56,42,80,72,69,76,20,55,43,13,8,9,9,13
Yeray,48,41,76,71,55,53,56,50,71,73,66,69,55,80,76,69,75,71,76,43,79,85,39,34,61,78,73,74,85,12,9,8,12,11
Vesga,56,54,55,73,40,64,60,28,74,72,55,58,57,65,48,77,55,77,80,61,67,70,52,72,57,64,70,73,68,12,11,16,6,13
Andoni López,63,31,55,43,35,45,36,29,34,54,73,75,55,58,56,43,70,64,55,26,56,59,43,43,44,55,57,71,65,7,5,11,8,8
Kike Sola,59,66,75,67,65,71,59,59,55,71,56,47,65,61,68,69,59,35,76,65,72,47,68,57,63,63,40,45,42,6,9,10,4,2
Unai Simón,16,14,18,29,17,12,20,14,21,16,46,48,32,63,47,17,58,45,73,13,27,26,14,14,24,26,11,18,12,72,69,62,61,71
Seguín,65,59,45,61,59,70,66,72,55,63,80,77,75,67,64,59,64,60,63,58,62,48,64,64,59,63,29,47,32,6,8,14,9,16
Óscar Gil,43,41,68,63,28,42,56,44,58,59,50,53,44,64,63,46,72,70,63,45,68,69,52,63,42,64,62,67,65,6,15,15,8,9
Jesús Areso,64,25,64,65,23,52,38,31,35,65,68,59,57,62,62,40,61,61,56,27,47,64,49,38,36,51,67,64,65,7,10,13,12,14
Tarsi,43,43,44,65,38,62,60,38,62,68,55,65,74,65,70,53,62,61,59,54,46,70,59,70,42,56,53,65,52,7,7,12,12,8
Sillero,56,39,52,57,32,49,38,39,40,51,75,74,65,63,72,56,66,65,61,41,60,64,49,48,44,52,60,61,63,15,14,15,7,14
Muñoz,62,50,45,57,42,71,46,34,41,69,87,86,85,60,88,61,61,58,49,40,42,23,55,52,55,61,35,31,32,7,13,6,12,15
Unai Bilbao,43,38,69,60,35,39,64,54,59,58,38,45,31,63,34,67,59,61,80,46,52,71,35,46,51,54,68,74,65,11,9,14,15,9
Nolaskoain,47,58,62,62,41,59,44,45,58,63,66,64,55,62,57,57,61,62,64,45,59,46,60,60,49,62,40,47,45,11,11,7,8,14
Adán,12,11,23,34,15,12,11,12,43,15,55,55,55,76,51,25,71,35,77,12,41,20,11,35,25,56,11,14,18,80,83,72,81,82
Barragán,72,44,64,69,59,62,64,51,62,73,71,73,67,70,66,61,70,79,74,53,74,73,56,52,55,62,77,76,74,6,8,11,8,10
A. Mandi,78,41,83,76,36,64,67,49,73,73,66,69,78,76,64,52,82,70,74,49,69,80,67,68,35,74,75,76,84,15,16,9,10,14
Bartra,55,55,82,77,43,70,66,45,77,78,77,75,73,81,71,64,86,66,68,62,79,86,61,75,52,76,82,83,79,10,15,13,12,8
J. Firpo,60,28,42,44,25,52,33,43,35,57,69,65,58,62,60,40,64,75,73,23,55,64,46,38,38,40,57,62,63,7,7,7,14,14
Javi García,47,59,86,82,59,66,55,44,74,74,64,66,62,73,55,82,90,77,80,54,86,78,62,63,61,80,78,75,73,14,6,8,14,16
Joaquín,84,74,56,80,68,85,86,77,81,83,71,65,71,71,75,74,37,55,60,76,53,35,77,81,75,80,29,41,39,9,14,6,10,11
Fabián,65,68,67,76,65,72,72,59,74,76,72,70,74,72,65,75,51,61,69,77,64,73,65,76,67,73,74,72,73,16,11,7,13,13
A. Guardado,73,58,55,85,69,80,78,81,83,84,76,76,82,81,88,74,74,84,57,70,72,70,67,83,70,76,60,72,72,7,10,10,11,10
Cristian Tello,74,73,47,74,75,82,76,64,60,82,90,91,83,72,79,78,72,75,54,71,48,26,74,72,56,66,20,30,26,15,12,9,7,13
Sergio León,41,82,71,67,77,75,69,64,34,76,77,76,82,74,75,75,77,75,66,74,69,35,80,61,80,77,26,33,21,9,8,9,11,12
Rubén Castro,60,84,73,69,72,83,72,69,45,81,80,77,87,87,77,77,76,75,61,78,50,37,86,74,76,70,11,12,14,14,8,15,8,12
A. Sanabria,67,81,77,74,67,82,73,64,63,83,79,81,81,74,75,75,75,70,76,65,32,21,82,73,69,76,21,20,15,8,14,9,14,13
R. Boudebouz,82,78,45,83,73,82,83,82,77,81,77,76,79,74,78,79,61,69,61,77,58,32,75,87,90,79,27,35,30,10,12,16,10,14
Camarasa,59,67,57,80,59,73,57,66,74,81,66,61,67,73,69,76,72,75,76,69,73,70,72,78,56,69,58,73,68,14,9,11,11,8
Z. Feddal,57,40,75,66,39,56,36,38,68,65,52,62,48,68,35,67,73,65,81,56,82,81,44,47,48,69,80,81,71,13,14,12,10,8
Jordi Amat,31,34,74,68,28,50,40,36,52,65,63,72,59,70,58,75,78,66,79,65,82,71,30,59,28,69,78,77,80,9,6,7,16,8
Dani Giménez,11,14,11,27,12,14,13,15,35,12,34,32,40,69,41,16,54,30,52,11,33,17,11,32,25,50,10,15,12,71,65,65,65,76
J. Campbell,76,70,52,74,64,79,72,69,68,77,86,85,85,72,76,82,78,66,74,74,70,45,75,75,75,74,38,40,42,8,15,14,15,14
R. Durmisi,75,53,66,70,54,73,72,71,63,71,85,85,79,65,91,85,81,90,61,67,89,64,60,72,40,64,67,65,69,10,6,6,11,11
Francis,64,61,33,62,52,69,63,52,60,66,79,84,80,59,77,53,48,56,44,42,29,23,64,60,53,42,23,21,29,11,14,9,12,6
Rafa Navarro,71,34,69,70,36,61,52,49,42,70,80,79,80,62,83,67,76,64,35,41,61,63,56,51,48,64,68,71,72,8,9,13,8,13
Loren,36,80,68,64,70,74,60,53,35,76,65,69,60,72,58,74,67,58,57,75,38,11,70,60,77,67,11,12,16,7,13,13,15,6
Carlos Blanco,26,13,70,63,45,47,40,30,70,60,47,53,52,53,64,70,74,58,73,68,63,61,20,54,38,58,63,65,61,4,5,6,4,5
Redru,60,21,53,56,28,55,35,41,33,52,61,60,54,60,61,45,54,60,55,22,45,64,46,31,37,33,61,70,68,10,14,5,7,12
W. Kaptoum,56,60,43,75,40,63,57,39,69,75,65,61,82,52,83,73,67,60,59,67,54,54,55,62,50,61,45,63,61,11,13,15,13,15
Aitor Ruibal,57,55,33,60,41,57,39,40,59,61,68,62,50,60,65,50,41,62,55,35,29,18,59,60,50,40,20,27,26,9,14,7,15,8
Julio Gracia,38,54,47,65,43,61,41,39,61,60,57,61,58,63,70,53,62,61,56,58,52,55,51,59,37,42,45,60,53,13,7,14,8,12
J. Quintero,61,56,26,67,41,73,46,42,56,66,76,77,80,64,92,36,34,54,32,48,32,58,51,53,46,54,57,55,46,8,13,6,13,11
Nil Coch,36,30,55,44,28,38,36,37,42,51,62,60,43,54,65,50,73,57,59,28,53,58,25,34,47,51,52,71,67,7,6,6,11,12
Raúl Uche,43,57,55,53,45,56,43,41,42,57,72,72,71,56,72,59,59,66,58,52,45,15,49,51,47,57,16,23,22,6,5,6,15,7
Pedro,20,12,24,27,13,12,23,22,31,16,48,48,63,58,55,22,56,43,65,24,20,23,16,22,21,24,11,14,12,59,64,54,67,62
Tienza,13,6,11,27,8,10,14,10,29,14,31,30,37,42,49,20,64,48,50,8,23,11,6,27,11,22,8,10,11,67,65,55,57,59
Rubén Blanco,18,18,15,35,19,17,18,13,29,10,54,52,52,66,57,25,62,44,35,15,22,22,11,37,22,30,12,11,11,81,76,73,77,74
Hugo Mallo,84,28,63,70,28,69,78,38,68,80,73,75,78,80,66,74,82,90,69,39,76,80,46,64,23,70,75,80,82,14,9,7,9,15
F. Roncaglia,68,38,70,69,25,59,67,52,81,69,63,70,65,72,69,80,80,66,73,73,74,79,51,59,35,70,75,80,78,15,14,15,6,15
Sergi Gómez,45,35,73,80,37,56,49,46,77,75,51,36,53,74,54,45,69,66,78,47,69,80,52,56,41,68,76,80,75,15,16,11,11,7
Jonny,76,34,62,66,44,67,60,54,59,73,78,79,75,63,75,66,79,87,69,45,80,76,53,55,46,68,80,77,82,7,10,12,10,6
D. Wass,78,72,67,84,71,80,83,85,77,81,76,78,80,82,63,86,59,90,70,72,62,75,76,82,64,73,61,69,68,11,9,10,13,13
S. Lobotka,63,54,41,79,43,74,68,55,73,79,72,67,79,71,85,62,82,86,50,59,57,67,61,74,56,72,49,64,62,10,7,16,13,14
Jozabed,61,73,64,78,54,72,71,57,72,80,70,65,72,78,64,71,65,68,66,77,58,69,80,79,54,73,57,73,67,8,10,9,8,13
E. Mor,66,65,41,65,65,86,56,38,47,80,89,84,95,66,93,65,65,64,43,60,55,28,67,62,49,64,19,21,29,13,10,7,13,6
Iago Aspas,78,86,78,80,86,85,83,76,64,86,85,80,88,87,79,79,68,77,59,80,63,39,89,74,82,85,20,21,18,12,16,9,12,13
M. Gómez,56,84,76,68,69,72,68,53,58,73,64,68,52,74,55,77,69,72,80,73,58,21,83,58,67,65,22,20,23,7,8,13,12,6
P. Sisto,78,75,51,70,65,82,74,75,65,79,84,85,83,73,85,82,82,82,64,70,52,51,73,75,66,74,51,55,48,12,6,12,11,11
L. Boyé,57,66,69,74,65,80,65,36,52,81,77,73,72,65,69,71,69,69,79,63,70,30,68,71,66,68,22,36,30,14,7,11,15,7
P. Hernández,54,69,53,82,69,81,75,69,80,80,72,70,72,82,52,75,69,73,80,74,85,75,78,81,62,68,56,68,70,6,15,9,15,10
N. Radoja,44,73,51,77,32,71,37,36,78,74,57,49,58,79,52,63,64,71,76,72,74,81,79,80,42,68,76,80,78,11,13,12,9,7
G. Cabral,35,26,81,74,28,49,33,48,59,61,43,42,59,76,63,50,86,75,78,29,84,80,40,49,47,71,82,79,84,11,7,11,7,11
Fontàs,60,45,73,76,46,58,58,52,77,68,35,34,55,75,41,58,50,41,83,47,77,80,43,56,52,69,78,80,78,16,14,11,16,9
Sergio,21,11,9,37,11,13,20,11,39,21,44,43,50,75,48,24,64,33,62,11,34,15,12,38,23,48,9,12,13,79,73,75,78,81
R. Mazáň,57,46,62,72,40,73,46,39,66,65,58,61,71,69,63,55,72,66,52,42,72,77,35,56,63,58,77,74,71,16,14,8,10,8
Brais Méndez,41,69,52,70,60,67,58,56,65,72,73,71,66,61,55,67,65,68,70,67,26,28,68,68,62,64,35,36,32,10,5,10,12,8
D. Dražić,69,60,39,65,53,67,63,36,58,66,75,74,76,66,78,51,66,52,45,45,71,42,67,64,47,65,23,43,28,15,8,8,10,5
Tià Sastre,61,50,40,68,40,62,64,62,63,65,76,73,91,59,89,48,60,59,48,58,71,57,62,68,58,56,35,52,45,15,7,13,8,15
Robert Costa,33,30,67,62,30,31,34,31,56,60,53,55,29,49,57,49,62,50,69,28,51,64,28,36,43,58,59,70,71,15,13,8,13,7
Kevin,64,44,53,58,28,65,49,45,46,63,70,75,63,57,79,51,63,77,60,47,54,59,58,33,46,57,59,62,66,11,15,9,15,14
Diego Alende,26,24,64,59,21,29,26,26,35,57,57,60,34,55,65,31,78,50,59,23,60,67,28,33,33,58,62,66,69,7,9,10,15,16
D. Eckert,35,68,67,59,59,59,45,50,37,58,62,55,54,62,61,62,64,57,78,60,25,18,64,41,59,57,17,15,16,9,6,10,14,14
Agus Medina,52,33,68,59,29,56,29,30,54,56,72,67,67,55,80,45,72,59,46,31,49,64,59,41,43,60,67,70,72,14,8,12,7,16
Dani Molina,49,56,42,70,58,64,66,59,66,67,58,63,66,55,67,59,59,55,41,66,61,57,56,69,55,62,62,66,64,11,10,16,15,13
Diego Pampín,62,27,62,59,26,51,29,44,40,57,70,65,60,60,64,40,57,61,58,38,49,63,45,38,43,44,61,63,62,12,12,13,12,15
Pol Roigé,62,64,49,58,67,66,59,49,55,68,71,68,59,60,75,74,48,58,49,58,31,42,55,49,64,56,28,36,28,15,8,15,14,8
Dani Sotres,16,19,22,24,23,16,11,14,28,24,56,61,65,58,60,49,83,42,66,18,19,23,15,11,29,27,14,11,16,72,62,67,51,73
Diego López,11,12,10,28,14,11,10,11,23,23,34,52,48,79,47,22,68,42,66,11,36,16,11,53,21,62,14,13,14,76,84,76,83,78
Victor Sánchez,74,57,68,85,51,68,72,69,78,81,62,65,73,79,77,73,78,71,59,67,86,80,65,79,61,82,80,81,79,7,6,10,14,10
David López,53,65,72,79,56,64,48,46,64,76,58,62,52,72,57,77,74,81,84,64,78,80,59,68,50,67,78,82,76,9,12,7,11,15
O. Duarte,40,26,77,70,32,48,28,32,55,59,60,69,55,72,51,47,80,63,74,24,74,74,35,39,37,67,77,79,80,15,9,7,8,14
Aarón Martín,74,33,73,76,21,71,62,54,61,75,72,75,67,77,65,55,61,70,63,28,64,79,60,59,43,68,79,79,78,11,14,10,12,12
C. Sánchez,60,48,70,78,43,70,52,58,76,74,72,68,64,66,48,72,75,80,87,68,80,79,58,68,62,75,71,79,72,11,6,7,13,7
Sergi Darder,65,59,52,84,54,76,67,58,81,83,62,55,76,76,77,74,53,64,68,69,71,69,75,83,55,81,65,68,69,7,10,6,14,6
Jurado,80,77,47,82,69,82,80,78,79,81,71,69,80,81,72,76,62,61,56,75,46,40,79,80,66,68,19,26,27,11,15,7,6,13
P. Piatti,80,77,71,78,72,83,81,58,70,82,89,85,85,75,91,63,76,63,50,72,55,51,81,77,59,68,36,35,38,10,8,13,8,10
Leo Baptistao,69,79,78,77,77,80,70,59,55,81,77,80,78,81,67,77,70,66,72,75,38,28,83,69,65,71,17,24,19,8,14,9,6,9
Gerard Moreno,61,82,78,75,76,76,71,56,56,79,80,83,71,81,69,79,72,69,74,74,55,40,82,58,73,72,42,41,41,15,12,7,12,10
Sergio García,77,76,70,76,72,82,80,64,72,78,73,72,66,78,73,77,40,54,73,74,61,29,81,77,80,80,19,30,28,12,6,11,15,12
Granero,78,69,59,83,58,77,80,76,82,80,60,55,68,76,67,78,56,44,68,77,72,72,71,81,73,71,54,74,62,11,14,7,12,14
Melendo,65,70,42,73,32,74,38,35,70,75,64,68,62,55,65,58,57,64,59,60,57,52,68,63,37,62,36,59,55,9,7,13,15,8
Javi López,70,55,60,76,49,68,67,52,61,75,69,75,68,80,71,57,73,77,69,43,84,75,61,65,56,81,73,77,82,10,8,7,12,16
Naldo,30,29,73,64,24,49,46,41,60,53,52,55,50,71,40,60,76,66,69,41,72,82,26,33,43,68,76,81,78,12,5,7,6,8
Hermoso,71,29,66,64,37,61,65,55,58,72,80,88,79,59,71,61,85,76,76,32,73,73,64,52,45,68,77,78,76,13,8,10,5,8
Pau López,24,19,15,38,17,18,23,21,41,16,45,52,40,73,57,21,68,42,52,18,39,16,20,41,25,36,12,20,11,80,81,78,82,80
Marc Roca,61,59,42,80,44,71,66,52,74,76,58,60,66,70,63,43,57,69,66,65,69,71,60,73,55,65,71,75,73,12,11,11,10,8
Sergio Sánchez,61,53,71,63,51,44,35,30,60,67,66,67,68,69,60,59,72,79,79,41,76,74,60,60,47,70,75,74,72,12,15,6,12,11
Dídac Vilà,70,32,67,62,34,72,69,37,66,68,72,76,58,66,51,72,72,75,76,57,78,75,59,54,34,66,72,74,75,15,7,5,9,8
Marc Navarro,74,53,71,70,32,60,62,51,65,71,76,72,63,65,63,71,51,75,70,57,59,69,63,60,35,60,70,72,68,9,12,11,6,8
Lluis López,46,24,70,62,29,47,32,26,58,64,65,63,64,64,54,46,73,55,56,18,71,71,48,31,33,59,65,66,72,8,14,8,6,12
Jairo Morillas,37,70,63,51,73,60,52,55,34,63,70,73,64,66,59,72,72,63,63,58,52,34,70,48,68,62,18,32,29,13,10,13,15,8
Manel Royo,61,25,65,60,35,54,58,33,44,56,64,67,60,62,63,48,71,66,82,28,64,55,40,30,50,56,63,65,67,14,12,14,10,13
Adrián López,12,6,13,16,5,12,13,12,29,21,28,29,38,55,44,16,59,25,45,8,23,12,4,33,19,39,9,14,14,60,61,63,67,69
Edu Frias,14,5,14,24,6,9,10,11,17,13,30,20,30,52,41,19,64,22,55,7,19,11,5,38,11,26,8,10,12,64,66,61,62,66
Moyá,11,11,12,31,13,13,16,12,35,24,46,34,54,74,49,21,62,30,57,16,22,11,10,62,11,39,13,14,14,85,78,82,81,79
Odriozola,79,45,71,75,48,69,69,30,70,75,83,84,79,75,79,58,71,82,63,59,63,73,68,63,62,69,76,77,78,11,12,10,5,14
Aritz,72,26,76,70,30,48,53,41,43,73,68,74,62,75,62,39,73,75,66,40,75,78,36,32,43,68,79,76,78,7,10,12,15,8
Diego Llorente,55,39,77,78,31,58,30,35,72,76,67,67,66,76,64,45,80,73,74,37,75,82,43,51,53,69,79,80,81,8,12,11,9,7
De la Bella,74,45,70,74,42,67,70,38,71,74,63,64,66,75,57,59,66,65,68,68,69,77,58,59,49,66,76,72,76,16,10,8,12,6
Xabi Prieto,88,74,75,85,61,77,80,76,83,82,45,51,52,83,51,73,39,64,61,80,57,63,77,84,84,78,15,57,42,12,6,7,15,7
Illarramendi,68,68,51,82,58,77,76,68,81,82,67,62,72,83,75,69,63,78,68,73,76,82,77,82,50,79,77,82,79,15,7,11,14,12
D. Zurutuza,69,76,65,83,55,80,69,59,75,79,67,68,72,81,57,65,48,71,74,77,72,78,72,76,61,71,69,73,67,10,14,11,14,7
Canales,74,74,38,86,63,77,81,76,73,80,65,62,70,63,69,61,40,53,56,76,55,46,72,82,66,69,14,23,16,15,12,16,13,12
Willian José,54,86,84,75,80,79,68,71,50,80,65,68,65,81,50,83,72,72,87,76,65,35,87,68,80,73,29,32,30,15,14,16,15,8
Oyarzabal,81,75,44,80,64,83,63,55,73,83,73,76,72,81,69,73,58,72,59,77,40,29,80,79,47,69,35,32,30,10,6,10,13,11
Juanmi,64,80,73,74,74,80,60,57,53,81,80,78,79,81,79,70,75,71,47,73,57,23,83,69,63,69,25,28,25,11,6,9,12,9
A. Januzaj,77,70,23,78,67,81,74,65,75,81,83,78,84,73,69,70,61,69,54,70,31,36,74,78,60,67,20,22,22,15,10,11,12,7
Rubén Pardo,62,68,48,80,42,77,73,74,77,78,65,68,74,78,74,70,65,59,57,74,58,66,69,80,69,69,53,74,62,7,13,8,11,7
Zubeldia,59,57,57,77,47,64,65,65,76,71,66,63,64,71,59,59,70,64,67,66,70,72,59,70,51,64,62,72,59,6,8,9,10,13
H. Moreno,62,43,84,75,55,56,48,28,68,68,66,66,66,78,62,64,74,71,75,44,78,76,46,59,63,76,83,80,82,12,15,14,9,10
K. Rodrigues,76,42,72,76,42,52,65,51,66,75,75,75,74,64,80,58,62,73,60,50,55,68,52,51,50,65,74,75,77,11,14,11,15,16
Toño Ramirez,12,15,14,22,13,15,19,19,15,18,35,22,39,68,55,14,68,45,79,15,34,17,12,35,14,38,13,14,14,69,72,63,69,70
Raúl Navas,49,36,79,72,44,25,34,65,56,71,55,51,55,61,65,72,77,54,76,41,79,72,39,46,46,68,77,80,79,10,16,9,12,10
Carlos Martínez,83,45,75,73,41,64,72,47,71,74,55,66,55,73,41,57,34,66,77,61,46,76,53,63,43,67,76,76,80,11,6,12,13,7
Agirretxe,54,75,85,69,78,71,71,48,51,75,46,46,68,72,55,76,75,44,81,66,59,43,79,63,64,73,43,44,33,14,8,11,6,16
Jon Bautista,47,75,70,65,65,67,50,57,41,67,63,62,62,64,68,73,64,58,50,75,35,16,70,52,70,62,15,22,16,9,11,9,11,13
Gorosabel,61,38,43,65,39,53,58,33,58,66,65,67,62,62,70,46,58,61,51,41,58,58,45,35,38,54,64,66,65,8,6,10,10,15
Ander Guevara,60,60,46,72,37,65,61,59,69,71,63,61,68,65,67,47,62,57,53,63,53,55,58,70,51,63,48,65,52,14,12,11,14,14
Eneko Capilla,50,60,41,70,50,74,67,61,62,66,69,59,73,60,74,49,49,47,43,55,46,21,58,72,59,66,40,45,47,11,13,12,9,7
Guridi,44,63,43,73,38,67,45,45,69,65,61,66,62,63,74,51,48,47,39,62,38,61,60,62,43,58,34,65,53,12,8,9,11,13
David Concha,67,67,51,62,65,78,71,52,64,70,70,69,63,64,82,53,45,60,44,66,32,30,71,67,72,66,18,23,27,14,15,13,14,13
Merquelanz,63,52,36,68,40,66,62,43,59,65,71,72,69,57,79,55,56,44,43,47,40,40,58,59,44,61,34,45,47,12,14,14,7,7
Muguruza,68,59,45,56,57,67,49,52,52,63,68,68,67,54,71,73,55,60,54,63,52,36,64,66,48,53,30,34,33,11,10,12,8,7
A. Dávila,32,73,67,54,53,55,40,35,33,58,60,55,56,53,70,54,68,51,53,68,32,12,60,40,56,48,11,12,15,14,14,5,5,12
G. Rulli,12,15,12,32,16,15,19,20,23,15,54,48,58,75,50,24,68,52,73,17,26,21,12,58,24,30,16,13,17,85,79,73,80,86
P. Sisniega,20,11,21,33,14,24,27,21,46,35,41,48,45,58,32,52,60,39,61,18,24,18,7,31,23,33,8,23,22,63,71,64,67,63
Neto,11,15,14,36,12,19,12,13,36,24,53,49,59,77,49,28,79,39,63,20,40,15,11,40,22,52,19,14,15,86,82,74,75,80
Montoya,76,50,59,69,66,69,77,55,69,73,84,84,81,70,80,83,78,83,68,68,69,78,58,63,50,67,76,77,80,6,15,16,8,8
Gabriel Paulista,67,42,77,69,48,60,57,46,71,65,73,75,69,78,72,61,83,73,82,50,78,80,51,65,51,68,83,83,80,15,6,15,15,7
J. Murillo,56,37,77,61,54,58,38,26,62,64,75,78,78,73,72,68,86,73,80,13,88,81,45,54,46,73,80,82,85,14,13,8,11,14
Gayà,81,56,60,78,59,77,80,49,75,76,83,89,80,78,82,58,75,80,61,59,74,77,72,70,52,70,77,76,80,13,10,9,12,9
Andreas Pereira,75,74,59,80,76,82,80,80,79,83,81,79,81,71,80,76,59,76,67,79,65,65,69,75,49,66,68,58,49,15,14,7,10,7
Parejo,84,75,63,90,72,78,89,90,87,83,55,50,69,79,72,79,55,80,72,80,58,80,79,85,83,78,59,65,51,5,9,12,14,8
G. Kondogbia,59,69,75,80,46,78,68,60,77,80,72,76,77,75,67,86,81,82,88,77,78,77,73,75,45,80,77,82,76,15,10,10,8,10
Gonçalo Guedes,70,74,60,75,73,82,76,70,62,79,88,88,85,81,74,83,65,81,60,80,67,50,77,80,69,77,25,34,30,9,12,11,9,9
S. Zaza,52,82,81,71,84,77,71,56,45,80,82,81,77,78,69,87,89,79,86,72,90,40,83,66,80,72,35,42,50,7,13,9,7,9
Rodrigo,72,80,78,75,78,80,82,67,58,80,89,92,81,80,75,79,78,80,71,73,60,31,81,70,77,77,26,41,40,7,13,10,11,5
L. Vietto,66,81,69,77,81,82,80,70,59,85,75,75,77,79,85,75,74,67,57,79,66,35,82,73,69,71,23,40,32,14,14,8,8,12
Santi Mina,73,81,63,66,68,79,69,55,65,78,77,78,75,80,75,76,72,77,74,69,69,58,80,65,59,69,58,46,49,9,8,14,8,15
F. Coquelin,60,54,60,79,53,74,55,41,74,80,73,75,74,74,81,71,80,80,79,57,91,84,62,67,52,74,77,82,80,9,9,8,10,15
Carlos Soler,75,70,56,81,66,77,69,82,76,82,77,78,76,75,69,77,59,78,65,73,49,69,68,83,80,68,68,65,56,6,14,7,13,11
E. Garay,62,58,85,69,49,62,55,74,72,73,39,46,57,77,38,80,81,74,85,68,74,84,49,63,69,79,84,85,82,14,6,13,13,14
Rúben Vezo,58,44,72,67,43,47,59,32,66,63,67,65,65,64,71,59,82,68,76,55,75,80,33,55,54,67,76,75,74,11,6,12,9,14
Jaume,30,11,16,32,18,13,25,13,32,32,58,58,60,69,59,42,72,45,68,12,21,25,16,43,25,22,11,12,22,74,73,70,72,82
Lato,80,51,68,72,54,72,66,38,65,74,85,84,73,70,80,58,55,77,57,53,67,69,68,64,39,62,72,74,70,7,10,13,9,9
N. Maksimović,45,70,55,79,41,71,59,72,77,71,62,68,66,69,63,64,66,63,70,69,59,73,52,71,50,59,70,73,68,14,10,15,15,13
Nacho Vidal,73,60,62,71,39,68,71,32,65,72,82,82,70,74,70,59,66,78,66,49,59,68,63,59,36,68,71,69,73,8,8,7,11,9
Ferrán Torres,70,72,47,65,52,74,50,46,67,73,80,78,62,62,66,53,60,63,60,55,34,34,65,67,62,49,32,24,28,12,9,11,15,12
Fran Villalba,66,60,33,71,51,77,74,73,68,71,66,64,75,62,89,44,46,52,31,66,38,36,61,72,57,59,28,34,31,9,10,14,5,14
Aitor Buñuel,68,36,52,65,31,62,44,36,56,63,80,77,72,61,85,39,59,72,63,35,62,63,51,51,43,60,62,65,67,8,7,14,7,10
Cristian Rivero,14,7,10,22,9,8,11,14,23,17,20,29,38,62,37,16,65,20,54,8,27,12,4,22,18,31,7,10,11,71,60,62,62,68
Álex Centelles,71,42,61,67,49,66,63,41,70,70,70,70,62,63,56,56,65,70,65,40,58,59,54,49,48,48,63,61,64,14,9,12,10,8
Javi Jiménez,41,25,62,63,32,32,32,29,53,52,58,57,60,64,63,41,66,54,49,28,69,66,30,45,46,49,67,69,66,6,7,8,14,9
M. Merentiel,26,69,68,66,62,63,31,29,39,64,72,68,69,62,73,65,65,54,51,64,30,15,61,54,60,55,15,28,19,8,14,11,9,5
Sito,66,59,38,59,49,70,70,59,59,71,62,61,65,59,64,65,38,52,44,60,45,43,58,61,58,56,32,31,39,15,6,14,10,13
Matheus Aias,31,62,59,57,34,56,41,34,44,54,67,68,62,58,75,64,55,60,54,56,25,14,52,49,57,51,18,20,19,14,6,6,13,12
Ángel,15,17,12,21,18,13,11,12,30,13,26,28,33,46,27,17,34,26,63,15,20,17,17,31,16,25,16,13,15,60,62,59,62,66
Pacheco,12,16,10,24,13,13,20,20,27,14,48,42,62,76,51,21,72,43,72,15,27,26,14,45,23,27,13,16,13,77,75,65,80,78
Alexis,57,22,80,73,40,49,49,43,63,64,56,64,60,63,60,67,78,69,77,24,83,72,53,48,30,72,76,75,73,16,8,13,10,13
Laguardia,42,49,71,68,29,35,38,35,56,57,58,67,53,67,59,35,78,77,80,30,89,76,44,46,32,70,77,78,75,14,12,13,9,10
Rodrigo Ely,28,15,70,56,12,50,16,18,54,52,65,71,61,68,48,43,76,70,84,38,72,74,22,22,35,62,77,75,72,13,10,9,9,11
Rubén Duarte,74,28,69,72,25,58,57,60,55,71,67,68,63,63,66,50,60,71,70,30,66,67,43,31,40,62,74,73,75,10,12,14,11,9
Ibai Gómez,77,75,47,73,75,81,85,81,75,80,77,76,82,64,78,82,66,68,66,78,63,45,71,75,65,67,45,58,55,14,8,13,7,11
Tomás Pina,55,52,68,76,59,71,64,60,74,76,62,59,64,75,55,73,69,70,73,64,73,74,67,67,59,65,61,74,67,8,12,11,7,15
Manu García,65,60,67,75,42,59,52,54,69,67,53,64,66,74,65,74,79,77,78,53,90,79,58,58,71,72,62,78,72,8,14,9,7,11
Pedraza,74,68,56,68,52,76,65,57,64,75,78,81,74,70,58,72,61,77,65,66,58,48,69,59,64,63,50,51,53,12,6,14,7,12
Munir,65,76,69,73,71,81,63,68,58,80,80,84,78,70,78,72,63,64,63,73,38,13,75,64,66,70,26,24,22,9,12,6,13,16
J. Guidetti,67,77,71,70,79,74,68,80,53,79,66,68,65,76,58,85,70,62,82,80,75,34,79,60,81,78,20,26,25,12,13,14,6,11
Rubén Sobrino,55,69,56,64,59,81,71,57,47,80,83,85,79,69,64,58,62,65,65,62,56,22,73,54,66,63,19,31,17,13,8,11,7,15
H. Pérez,79,71,54,76,64,82,62,62,67,84,80,78,76,78,68,88,77,68,69,78,85,43,81,72,48,82,21,24,14,13,13,14,8,15
M. Wakaso,74,55,50,75,76,74,66,57,70,74,88,87,82,77,85,85,84,82,74,68,81,71,69,69,36,65,56,72,69,10,16,7,15,14
G. Maripán,41,28,74,66,31,40,29,27,51,57,53,55,32,74,33,56,67,59,89,24,75,64,28,30,20,68,76,77,70,7,12,7,16,12
Vigaray,70,53,65,63,37,71,57,45,48,67,76,72,73,67,63,46,64,75,67,39,67,70,63,49,45,62,67,73,76,7,13,6,9,15
Martín,64,26,56,60,23,59,30,40,45,65,75,76,70,61,67,43,58,68,59,28,62,64,60,36,38,54,58,66,64,13,9,9,7,9
Sivera,22,15,14,32,16,14,34,12,34,27,59,55,60,57,46,33,65,45,58,12,25,24,16,35,24,27,13,17,12,67,65,64,72,68
Bojan,68,70,42,80,79,77,82,66,72,77,77,74,82,72,85,75,48,67,43,70,30,29,77,79,71,74,20,22,19,5,14,8,14,7
D. Torres,62,55,61,76,48,69,57,50,76,72,61,58,68,80,62,73,81,80,78,61,87,81,62,71,72,77,66,76,74,15,11,8,15,12
Medrán,70,58,61,81,57,71,70,76,80,77,63,67,69,71,71,78,64,62,56,80,45,59,65,77,80,64,65,66,59,13,14,13,12,10
Burgui,74,69,55,74,54,78,76,64,63,77,76,80,73,72,62,65,58,79,62,66,35,38,75,69,59,69,24,28,21,6,8,10,12,10
Adrián Diéguez,59,23,61,57,35,44,28,32,39,56,65,61,55,58,54,45,74,62,64,27,56,65,33,32,41,55,69,70,67,11,12,9,13,7
C. Santos,64,77,72,69,82,67,78,71,67,72,65,68,70,68,59,69,76,70,69,75,58,22,78,65,80,75,37,37,33,7,10,12,14,7
Héctor,73,42,60,66,44,72,57,59,56,72,79,79,82,65,83,57,70,69,64,41,76,68,57,47,35,62,66,70,72,13,9,15,8,9
E. Demirović,34,66,64,49,55,57,48,30,31,62,67,65,66,57,65,71,72,54,76,62,65,20,56,37,61,60,16,28,23,9,8,9,7,6
Víctor López,45,57,46,63,39,64,49,47,62,65,72,70,64,60,65,48,57,50,55,54,54,63,63,65,60,50,43,54,52,8,5,13,9,9
Dani Iglesias,44,67,62,60,64,69,58,41,38,70,61,58,64,53,63,52,66,57,40,65,36,15,59,53,70,62,15,22,17,16,15,10,14,7
Erik Ruiz,30,21,53,60,25,30,27,27,31,49,66,63,53,57,65,35,70,56,60,18,55,62,27,27,32,54,59,68,66,10,11,5,10,12
Landeta,10,6,9,21,9,8,12,13,20,10,35,37,40,54,43,17,60,28,60,7,21,15,7,30,15,24,8,13,14,64,68,61,60,67
M. Dmitrović,30,20,20,40,20,8,20,9,40,9,39,35,32,68,37,40,45,45,79,17,20,17,9,41,9,40,9,22,20,68,78,77,77,73
Rubén Peña,70,73,57,71,66,75,52,55,56,74,83,88,84,74,86,73,74,65,64,66,61,62,78,63,64,71,49,58,67,7,11,10,16,10
Iván Ramis,45,54,72,68,59,53,67,77,72,67,38,38,54,68,54,76,76,79,86,65,84,75,52,50,65,66,74,77,71,7,15,9,8,11
Arbilla,74,40,70,73,48,65,75,82,65,73,60,73,60,70,68,81,81,75,78,68,84,76,57,57,47,65,73,78,75,14,8,15,13,9
José Ángel,77,42,59,68,42,68,72,67,61,72,72,77,74,75,60,69,68,75,66,57,69,75,60,56,45,67,72,73,76,12,13,10,16,13
P. Diop,58,57,72,72,67,63,70,69,70,76,55,59,64,75,67,82,80,78,87,71,89,79,59,65,61,73,64,78,73,8,8,9,13,16
Dani García,55,51,46,86,52,66,61,57,81,81,57,40,67,72,72,74,65,88,74,58,88,82,60,74,58,71,68,79,75,6,14,14,6,11
F. Orellana,77,76,69,76,61,82,80,79,71,81,80,75,80,74,66,64,65,58,42,81,54,31,74,76,75,69,28,37,25,12,7,15,16,15
T. Inui,70,68,41,75,62,88,85,65,67,82,89,79,94,72,93,68,63,77,51,77,49,44,73,74,51,76,30,39,31,11,12,11,15,8
Kike García,53,77,78,68,75,71,42,46,49,76,66,74,65,64,56,77,74,72,79,62,71,37,77,65,70,63,15,34,21,7,9,8,13,13
Sergi Enrich,70,81,80,76,82,74,55,47,61,80,63,68,70,82,66,74,81,83,83,67,66,42,84,72,63,67,29,46,31,8,8,8,14,6
Charles,51,79,74,60,84,74,78,53,42,85,65,64,92,79,68,83,92,64,71,73,66,18,82,55,61,78,34,35,27,8,9,16,9,11
G. Escalante,62,56,58,75,59,71,63,52,66,73,68,71,67,73,70,79,76,86,73,58,86,80,61,71,64,74,73,84,78,10,12,7,12,11
Joan Jordán,65,68,47,75,59,71,71,67,71,75,66,71,66,62,65,74,55,77,66,69,61,63,67,72,62,62,51,70,54,13,12,13,12,9
Capa,77,56,61,71,52,75,55,58,56,77,85,87,76,73,86,81,77,91,80,62,88,69,76,72,54,69,69,76,82,12,13,6,12,11
Paulo Oliveira,36,25,77,70,36,60,33,29,49,69,67,73,54,75,53,61,85,75,82,29,71,74,30,41,45,67,74,80,75,14,8,11,12,7
Lombán,39,56,71,74,44,51,73,72,80,67,46,50,54,68,45,81,65,69,81,49,81,76,36,53,69,67,74,78,67,6,13,13,16,15
Yoel,24,14,10,31,19,13,25,15,35,14,35,43,40,70,47,23,65,34,70,11,35,19,13,45,25,48,10,15,11,76,78,77,75,78
Pedro León,90,74,36,80,68,84,87,84,82,85,64,69,68,71,73,82,45,66,63,79,55,43,74,82,71,71,34,46,36,11,12,10,15,16
Iván Alejo,70,65,47,71,56,74,54,49,64,72,75,86,75,63,60,70,69,64,65,64,45,39,61,63,47,61,49,39,42,9,12,14,14,10
David Juncà,78,35,54,65,43,64,69,58,61,71,84,79,78,67,80,61,75,86,76,46,75,74,55,48,55,67,71,69,75,10,9,16,8,9
V. Jovanović,57,47,68,69,50,62,33,40,60,67,60,55,54,70,62,55,72,71,75,30,76,71,48,56,53,67,71,75,70,10,14,6,10,5
Fran Rico,68,61,62,81,54,65,76,78,77,78,64,54,67,72,72,76,61,72,65,73,80,71,53,72,72,69,62,77,65,9,14,8,13,7
Julen López,20,15,55,53,29,30,30,29,41,55,52,61,44,59,66,35,71,66,68,17,69,64,22,34,31,54,61,66,62,9,14,14,15,8
Sarriegi,48,44,42,67,33,58,45,43,60,67,65,60,57,61,66,56,64,66,62,51,50,52,49,67,57,62,52,59,57,6,11,14,6,9
Cristian,28,18,65,57,32,38,33,26,50,55,35,42,45,61,45,53,62,63,77,24,68,54,23,30,38,62,56,65,57,15,8,15,12,8
Riesgo,25,13,14,32,14,12,25,15,33,15,54,55,51,64,58,23,60,41,68,12,34,22,12,33,13,50,13,12,12,74,77,66,76,71
Quique Cebriá,11,7,13,24,6,9,11,10,27,18,21,29,36,60,44,18,62,19,46,5,21,6,5,35,19,38,9,10,10,63,62,56,58,63
L. Chichizola,11,16,17,14,14,17,15,14,13,15,49,54,66,66,44,17,75,31,52,17,15,16,14,31,25,43,12,12,11,76,74,62,72,79
Michel Macedo,68,52,61,78,39,73,56,29,63,71,83,88,88,69,76,59,85,87,75,45,80,76,67,60,33,65,63,75,78,8,8,14,6,6
Gálvez,39,29,73,74,41,54,47,58,71,64,40,45,52,72,56,53,62,75,85,36,87,76,47,50,44,69,72,76,75,8,12,11,6,9
Ximo Navarro,69,36,69,73,25,63,61,42,61,69,75,80,73,71,72,64,83,87,70,55,80,73,61,59,48,67,74,75,77,7,11,16,9,15
M. Aguirregaray,74,38,65,71,64,70,66,50,63,71,76,83,70,70,69,70,63,73,74,61,77,68,72,67,58,69,69,70,70,11,16,10,8,9
P. Etebo,64,66,70,72,68,77,64,66,54,76,85,84,85,76,78,83,81,74,71,62,47,44,67,63,69,72,31,30,33,10,12,13,12,15
G. Peñalba,67,64,66,74,61,76,70,64,75,75,40,51,53,70,53,73,31,75,89,71,76,72,66,74,74,74,66,72,60,7,14,6,7,12
A. Halilović,72,61,24,80,64,81,80,69,71,80,78,74,78,73,88,58,57,60,36,71,40,55,71,80,75,72,26,16,21,15,11,11,13,10
Nacho Gil,66,63,30,71,47,77,68,62,61,73,79,75,76,66,74,62,45,60,42,65,50,30,62,70,59,62,22,25,27,5,8,7,14,14
Tana,64,74,28,81,56,82,66,59,68,75,71,67,78,70,87,65,51,65,51,62,26,15,79,78,64,79,17,20,15,7,11,7,8,14
J. Calleri,56,76,82,66,71,74,57,35,58,75,73,75,73,77,79,78,82,75,70,69,65,37,79,67,62,73,29,39,32,11,12,8,8,6
Erik Expósito,28,66,59,62,34,60,40,30,35,62,63,67,62,49,57,55,69,62,70,51,26,29,64,45,64,56,25,26,23,6,11,10,14,6
A. Aquilani,78,61,66,80,75,75,80,75,81,79,53,55,75,67,60,81,68,53,67,77,61,65,65,82,70,76,53,61,58,15,15,7,6,13
Javi Castellano,49,34,66,77,33,46,43,40,72,67,60,53,62,59,53,52,54,70,73,44,77,76,39,65,44,62,71,75,69,11,10,16,8,12
H. Toledo,59,68,56,66,66,78,72,62,65,77,81,80,75,71,72,68,72,73,68,73,55,60,61,71,58,62,44,46,47,15,14,7,7,10
Bigas,68,49,78,74,44,44,46,43,60,66,74,75,65,71,66,62,76,77,72,47,86,76,61,35,48,67,76,76,77,15,14,9,13,11
David Simón,73,42,60,79,36,70,64,40,63,72,74,80,65,66,74,57,70,85,60,45,80,69,67,43,38,66,72,71,73,15,12,7,8,11
Raúl Lizoain,11,12,15,15,14,12,13,16,22,15,47,55,70,61,58,25,73,41,52,12,24,17,16,33,24,43,12,14,13,73,76,59,74,72
E. Emenike,63,72,70,69,71,73,46,53,64,72,83,83,72,64,70,80,73,66,86,69,71,26,72,56,66,68,19,21,22,11,11,13,12,14
Vicente Gómez,57,65,74,85,48,65,59,50,79,79,40,50,62,70,40,63,58,71,74,59,65,75,70,79,46,70,65,74,68,15,13,9,6,16
Jairo,69,65,49,73,60,80,71,60,65,75,87,86,84,71,86,69,73,66,50,65,54,29,71,67,75,68,29,31,28,10,11,16,10,12
Dani Castellano,75,46,62,74,45,75,67,47,62,73,75,76,72,72,76,60,73,86,77,53,67,68,63,62,48,64,69,73,75,6,7,15,14,11
David García,70,50,74,70,47,49,48,46,62,67,58,55,57,66,60,49,72,74,76,28,80,71,45,39,51,64,75,74,72,10,15,14,14,7
Fabio González,45,52,49,66,35,62,45,44,64,65,64,63,61,62,75,54,56,59,57,51,43,54,59,63,48,60,38,58,41,11,7,11,7,5
Momo,78,60,58,79,58,74,82,74,70,76,64,59,69,64,56,68,54,58,67,65,59,55,61,76,79,77,41,48,44,11,11,15,14,7
Álvaro Arencibia,66,31,59,61,29,52,53,43,62,59,66,67,64,66,72,55,71,76,67,39,70,61,39,39,44,57,52,68,63,11,7,14,8,9
José Artiles,55,59,24,61,52,67,63,44,52,66,89,88,93,63,93,46,68,39,30,57,27,19,54,55,56,60,14,16,20,12,8,14,16,8
Eric Curbelo,48,37,51,62,26,47,30,26,59,60,69,63,41,59,78,36,69,64,54,21,55,63,49,31,38,53,58,64,62,14,7,10,12,7
Benito,59,60,46,66,41,68,52,47,60,64,71,74,61,69,75,63,40,64,43,55,42,24,60,59,51,55,20,34,30,7,11,11,12,13
Yeremi Valerón,54,27,54,55,24,62,32,33,27,51,68,70,52,59,62,20,58,67,63,28,49,58,44,33,37,58,48,68,67,9,12,10,7,10
Diego Parras,58,21,51,62,30,65,33,32,30,59,62,64,53,57,60,28,61,62,58,27,60,59,58,35,36,53,55,62,64,13,7,11,5,12
I. Ezekiel,66,73,69,67,72,72,64,47,47,67,94,90,87,78,91,72,93,71,62,67,48,23,73,66,63,70,14,34,25,12,14,15,12,11
Álex Guanche,20,17,15,28,12,13,14,18,24,23,55,59,37,59,66,26,59,45,47,13,27,23,14,17,29,31,13,17,16,62,60,50,60,64
Sergio Rico,17,14,11,23,15,14,24,20,23,12,50,53,62,80,43,19,63,41,67,12,27,23,11,45,24,29,18,11,11,79,80,78,82,83
M. Layún,80,67,63,76,66,75,68,74,74,76,77,78,74,74,78,80,75,78,66,76,72,78,73,71,74,79,72,77,76,7,16,6,12,11
S. Kjær,54,55,82,76,37,42,52,69,69,69,60,68,48,73,58,78,70,78,78,41,75,75,31,49,61,69,77,78,77,6,10,13,10,15
C. Lenglet,36,23,75,75,24,60,25,27,69,75,73,73,62,78,53,58,77,75,80,35,80,80,42,43,43,74,78,81,80,10,10,9,12,7
Escudero,81,42,68,76,51,67,69,69,77,74,72,79,75,76,77,81,74,80,69,63,75,81,63,56,66,69,75,76,81,9,15,7,13,14
S. N'Zonzi,59,64,79,82,55,72,73,42,78,82,52,61,43,82,31,79,75,86,91,66,87,85,70,77,57,85,75,83,78,7,16,16,16,13
G. Pizarro,62,59,68,80,62,70,66,54,73,75,64,60,62,72,54,69,74,86,80,65,87,80,67,71,60,77,72,78,77,7,12,16,15,7
Pablo Sarabia,81,75,61,82,60,86,80,73,74,82,74,77,81,77,81,77,45,68,58,75,32,25,77,82,61,70,26,27,28,16,7,15,6,14
J. Correa,74,70,43,76,72,81,73,63,69,82,78,82,79,70,60,74,36,76,75,71,48,31,73,75,57,65,29,37,26,11,10,7,8,8
F. Vázquez,73,72,68,84,81,86,79,68,76,86,62,66,69,78,48,76,49,62,79,82,77,54,74,84,67,80,33,40,37,14,15,13,9,7
W. Ben Yedder,73,86,74,75,76,85,80,76,66,83,85,85,91,80,86,78,85,69,57,69,55,44,87,76,74,84,28,21,26,6,13,9,7,7
L. Muriel,60,80,65,74,75,86,77,60,55,85,87,90,86,76,77,82,62,69,80,65,50,16,80,73,74,75,18,24,22,8,10,10,14,6
Nolito,77,79,45,76,65,78,82,80,67,80,74,70,83,84,81,74,63,69,62,81,73,58,82,79,74,82,30,39,25,10,15,12,8,8
E. Banega,80,65,45,88,65,83,83,81,85,85,71,67,81,78,84,74,58,70,67,77,73,70,72,85,67,79,59,69,62,13,8,7,7,10
Roque Mesa,67,65,32,84,34,71,46,48,78,81,76,78,77,77,89,63,77,88,69,54,89,78,64,74,42,79,69,76,77,15,8,7,11,9
Jesús Navas,77,58,55,74,75,80,82,46,73,80,89,87,87,75,87,75,65,79,41,70,60,63,72,73,56,70,63,53,54,10,10,15,7,13
G. Mercado,68,52,77,72,36,57,68,54,64,70,76,77,61,72,54,66,76,79,82,59,81,80,63,60,49,73,78,81,77,12,16,10,12,6
David Soria,15,19,24,24,19,16,23,11,33,19,49,34,45,69,42,54,60,43,76,18,24,18,12,45,23,21,13,13,13,78,69,58,78,73
Daniel Carriço,61,48,78,76,47,58,39,54,77,66,54,59,59,73,68,66,90,61,77,50,87,78,57,62,62,79,76,80,80,14,10,15,15,12
Ganso,82,72,59,84,75,82,80,76,83,81,36,34,70,70,56,77,30,57,66,79,56,47,74,83,76,75,30,31,35,9,12,14,7,11
N. Pareja,65,51,80,76,49,59,70,78,77,78,42,35,45,82,61,77,69,43,77,69,83,80,43,56,69,83,77,80,76,14,14,15,14,13
S. Corchia,79,58,70,76,58,75,78,80,74,77,76,76,75,76,77,75,68,72,67,72,71,76,72,70,67,70,78,78,79,6,8,7,10,15
Sandro,65,79,62,68,74,75,81,77,49,81,77,76,85,73,81,82,72,65,68,75,62,33,77,56,69,65,15,25,24,12,16,10,6,8
J. Geis,86,51,65,78,64,59,90,80,81,69,59,59,67,70,74,85,80,65,76,69,75,77,69,76,69,69,76,77,72,15,15,14,16,8
Arana,76,51,61,72,47,72,68,49,67,75,80,83,74,72,76,69,64,80,64,54,69,71,60,55,52,58,71,72,70,14,13,16,11,14
L. Carole,70,28,72,66,35,74,52,34,63,70,77,78,75,69,64,53,77,68,74,44,68,69,68,67,49,59,69,70,71,9,14,12,12,13
José Amo,53,35,68,63,42,52,48,41,70,61,66,60,66,54,59,35,74,56,56,31,56,63,46,25,40,56,60,62,67,13,8,7,7,7
Javi Díaz,13,15,12,28,8,25,20,23,27,24,58,55,63,54,42,39,66,28,44,19,23,17,16,44,25,32,15,11,14,67,57,56,58,59
Sergio Asenjo,24,14,13,39,22,15,23,22,39,14,59,54,62,78,58,24,73,41,73,23,20,22,12,46,15,39,12,15,14,86,83,76,82,85
Mario Gaspar,79,68,65,77,77,73,75,54,69,76,79,83,69,79,60,81,73,79,79,69,77,80,64,57,50,69,83,81,82,9,12,8,9,15
Álvaro,51,22,75,66,31,48,47,45,57,64,74,75,68,73,72,48,91,80,75,26,89,79,45,39,36,67,78,79,82,8,13,12,12,8
Víctor Ruíz,54,37,77,75,39,53,67,46,70,71,54,61,56,80,58,59,78,77,85,38,82,83,39,56,46,72,84,84,85,12,8,6,6,14
Jaume Costa,79,53,66,78,38,69,67,59,65,78,83,84,77,69,78,75,73,80,62,62,85,80,66,57,56,69,76,77,78,10,11,16,10,14
Samu Castillejo,80,69,43,79,58,83,78,72,76,81,86,87,84,79,78,75,63,60,51,65,48,52,81,80,59,71,22,43,25,13,16,15,8,14
Javi Fuego,59,54,60,80,53,62,70,62,74,73,61,52,64,82,60,72,70,73,77,64,87,83,58,72,60,86,76,83,81,7,13,14,10,14
Manu Trigueros,69,71,76,86,63,81,80,69,82,84,73,73,78,81,71,81,83,80,63,80,71,69,77,83,65,73,53,73,58,9,14,12,7,8
Pablo Fornals,71,73,50,82,70,75,63,60,74,80,68,67,80,76,69,72,59,80,64,75,69,75,75,82,46,69,68,74,73,9,11,12,7,15
C. Bacca,60,86,76,72,80,80,69,58,55,80,77,78,76,80,77,80,77,70,74,60,62,34,90,68,80,78,12,16,14,12,12,8,5,8
E. Ünal,56,80,66,66,70,73,68,66,47,75,78,76,75,68,67,82,69,72,79,79,43,29,77,59,69,75,23,33,24,8,14,8,13,13
N. Sansone,68,80,65,75,73,82,76,69,65,79,83,82,86,74,86,82,66,61,65,81,68,38,78,79,66,76,15,44,33,11,7,14,9,14
Bruno,60,66,61,87,48,75,72,77,86,83,42,41,53,82,59,84,66,69,77,81,79,85,69,83,75,86,70,84,85,13,10,9,11,8
R. Soriano,75,73,65,80,75,80,80,56,78,81,77,77,83,73,72,82,65,68,69,80,74,69,74,80,62,75,53,69,67,15,10,9,14,13
Rodri,63,59,75,81,59,70,65,54,77,80,72,69,69,76,72,70,69,85,75,68,63,77,60,77,46,72,72,75,69,10,10,7,14,8
D. Bonera,58,23,74,56,19,41,38,29,61,51,36,33,38,69,52,60,74,50,77,53,83,80,27,41,49,77,81,81,78,3,3,3,3,3
Adrián Marín,72,40,56,72,48,69,62,35,56,73,71,75,70,69,63,60,71,62,72,42,69,74,51,53,38,63,67,71,75,9,14,14,8,8
M. Barbosa,12,11,13,38,12,15,11,12,36,17,42,43,48,76,47,25,63,41,62,12,37,22,12,17,24,50,13,15,11,78,74,77,76,78
D. Cheryshev,80,74,54,72,68,80,74,61,68,76,77,80,74,74,74,80,75,61,67,71,62,61,74,74,64,66,52,55,52,16,7,14,7,8
A. Rukavina,79,36,63,73,49,65,68,38,70,71,71,76,67,81,75,63,78,67,69,58,78,80,66,59,42,67,76,77,78,6,6,15,8,7
S. Al Dawsari,64,68,56,68,69,85,69,60,60,71,86,85,83,65,75,74,49,83,68,65,77,22,71,72,62,67,36,28,49,7,12,13,14,10
Riera,36,27,71,48,29,46,33,28,39,54,45,59,58,48,54,50,70,48,71,26,59,53,29,42,43,51,66,63,60,16,9,8,9,10
R. Martínez,58,72,67,68,62,72,63,27,61,71,75,77,67,74,66,73,78,66,81,65,59,30,72,63,68,67,29,25,23,14,16,15,7,13
Dani Raba,68,68,42,70,52,72,58,42,68,71,73,73,67,59,62,62,56,67,63,60,50,37,72,63,49,59,45,36,38,12,11,15,12,14
L. Suárez,68,69,54,69,59,77,76,60,63,70,75,68,88,58,91,56,74,46,38,70,36,15,55,71,62,61,19,22,11,11,14,6,15,7
Imanol García,46,56,52,66,58,64,47,53,59,66,70,63,70,73,70,59,72,68,61,52,73,60,64,63,51,59,52,70,65,13,6,9,14,12
Pau Torres,22,19,65,58,26,33,23,28,28,59,66,65,48,60,48,35,67,63,63,22,59,65,22,30,42,46,61,67,65,11,13,13,13,9
Chuca,47,55,55,72,32,60,43,42,67,62,61,64,60,62,65,52,57,60,52,54,44,51,60,66,42,61,48,62,53,10,13,14,12,8
Dalmau,30,68,66,57,55,63,33,31,41,62,70,63,64,53,66,58,62,45,47,56,30,14,70,53,70,54,19,13,12,7,13,12,11,8
R. Guerra,38,59,48,65,36,61,41,40,66,65,63,61,56,70,62,50,64,62,62,59,60,62,55,59,45,48,58,65,55,7,13,7,5,13
Mario González,62,62,49,61,48,66,42,38,41,64,71,74,68,59,68,52,62,54,50,56,39,16,60,57,39,53,11,15,18,5,15,15,6,13
Miguelón,64,25,54,55,28,52,31,27,46,55,71,66,64,59,62,26,61,61,53,29,50,62,52,42,35,52,58,65,60,10,9,11,12,12
Andrés Fernández,17,13,12,35,23,14,24,12,40,18,58,55,57,75,65,22,77,43,74,22,40,26,14,41,21,52,11,14,15,80,71,68,72,79
Roberto,15,14,19,39,13,12,14,14,38,31,45,48,68,78,40,36,74,32,78,11,29,24,17,45,19,54,15,15,18,79,72,76,77,81
R. Rosales,78,51,60,75,54,77,75,54,68,79,76,78,86,78,79,73,73,86,65,63,73,73,69,63,48,74,66,76,80,11,12,11,16,8
Luís Hernández,69,37,69,74,53,59,56,42,71,73,71,72,69,77,68,70,82,82,76,55,68,82,55,55,54,69,76,78,81,8,7,11,8,9
Miquel,49,18,70,61,26,55,27,24,58,67,65,69,60,62,43,57,60,69,79,21,72,73,26,54,43,62,69,71,65,11,7,6,6,9
F. Ricca,71,30,70,69,24,52,32,40,56,69,73,72,56,72,66,40,53,73,65,34,81,73,43,42,38,65,72,77,78,13,13,8,6,8
M. Iturra,56,27,50,69,53,63,55,47,69,71,67,56,69,70,71,68,69,73,66,58,81,77,52,65,40,71,65,74,69,13,10,9,15,10
Recio,64,58,59,81,55,72,76,67,76,77,58,54,67,77,61,81,54,78,68,72,89,78,75,76,61,69,69,77,64,10,14,9,10,9
Keko,80,67,34,76,69,77,73,69,74,78,77,75,76,75,73,67,63,59,67,68,54,59,73,80,66,68,24,53,43,15,12,8,9,7
G. Castro,76,71,55,72,63,80,72,69,58,80,74,70,77,80,82,72,68,57,58,69,53,40,79,73,64,77,23,42,37,9,16,15,10,14
Borja Bastón,51,76,77,66,80,69,68,46,44,78,57,66,62,78,39,81,56,66,91,73,61,23,80,65,72,70,14,32,24,6,9,10,9,13
A. Peñaranda,64,74,64,70,77,82,65,63,56,81,84,80,87,70,63,73,62,59,66,70,62,36,72,75,77,65,20,37,31,6,14,13,8,6
D. Rolán,73,80,68,76,68,79,66,70,62,76,76,80,78,80,69,77,72,69,66,65,64,34,82,74,75,69,39,33,35,14,7,7,7,14
M. Lestienne,70,73,47,75,69,81,72,69,71,75,85,84,84,71,85,71,73,81,36,70,71,35,72,72,69,73,29,27,34,9,15,12,11,7
Adrián González,74,75,70,77,51,74,81,69,75,80,64,64,68,78,66,58,66,75,63,70,71,68,72,74,80,67,66,66,64,6,15,12,6,7
J. Añor,75,69,52,75,60,80,69,77,73,80,69,72,78,69,77,80,60,71,50,77,42,38,75,78,66,68,41,45,39,8,6,12,14,6
Bueno,67,73,66,69,75,74,80,66,57,78,63,61,75,74,74,80,56,40,57,79,36,45,72,70,68,70,42,31,34,8,16,7,11,9
Diego González,70,25,71,65,30,57,53,34,67,59,67,69,58,62,49,39,72,67,76,34,75,67,41,39,42,65,74,75,78,7,7,8,8,12
Andrés Prieto,19,19,13,31,15,18,17,20,20,16,37,42,33,57,30,22,52,44,76,18,19,20,19,24,23,31,16,14,13,64,66,65,69,67
B. Ideye,60,73,72,69,74,67,58,49,50,68,76,76,75,73,69,76,80,65,79,70,48,49,75,61,69,65,26,37,27,15,13,13,7,9
Samu García,76,69,63,73,61,74,80,48,72,75,76,78,75,69,69,73,59,65,66,64,48,33,74,75,63,72,16,27,21,9,10,8,13,8
Z. Kuzmanović,63,59,67,76,59,68,65,68,80,74,45,44,54,71,59,80,68,63,80,79,68,75,60,76,72,65,64,74,71,7,13,9,7,13
Y. En-Nesyri,48,72,66,59,65,71,37,47,40,70,75,79,67,69,49,67,72,55,63,64,33,31,67,44,59,59,16,31,27,13,9,14,9,13
Miguel Torres,71,22,68,68,40,63,59,58,61,73,58,59,55,69,63,56,70,58,75,47,72,69,44,56,36,67,74,76,76,10,13,8,13,10
Juankar,78,55,57,76,80,69,76,50,69,77,75,77,78,81,69,69,68,77,63,64,76,69,71,53,55,74,68,67,69,10,9,11,8,6
M. Lacen,59,49,59,80,58,70,80,70,76,72,56,56,75,69,79,70,76,71,69,64,80,67,59,68,59,68,70,69,59,16,7,11,12,13
E. Rolón,54,42,58,73,57,57,47,55,71,74,72,69,67,67,68,70,71,71,65,59,72,67,55,65,53,67,70,68,66,15,8,15,10,11
I. Success,73,69,64,68,55,77,56,54,55,79,80,88,73,68,57,80,82,65,84,58,45,20,72,61,68,63,22,33,24,8,15,14,8,10
Clavería,38,62,49,61,58,49,59,59,60,69,61,57,68,70,64,70,72,57,59,66,70,73,49,49,41,56,70,64,59,8,16,10,8,15
Deco,51,35,45,68,37,62,48,43,69,64,65,49,72,53,89,51,67,71,56,54,61,66,62,55,37,56,53,63,67,13,11,6,7,7
Abeledo,64,57,58,65,51,62,43,39,57,64,78,76,71,54,69,49,39,37,39,52,30,18,57,60,48,59,23,28,23,11,12,14,8,14
Alberto López,60,37,56,60,36,54,48,49,56,61,71,70,68,57,72,60,71,60,57,49,65,70,48,44,70,49,60,59,54,13,13,8,15,9
Ian Soler,38,24,62,59,40,26,31,30,50,53,64,61,58,56,58,51,70,59,70,32,58,58,21,31,42,47,61,64,60,8,6,15,15,15
Samu Casado,22,14,23,28,19,19,24,14,38,18,44,45,36,51,55,24,53,45,65,20,16,21,13,18,25,28,12,18,17,62,58,55,53,65
Oier,23,14,15,35,25,20,24,15,33,20,45,43,48,67,40,20,61,43,66,30,28,30,13,33,25,52,17,18,16,75,69,73,75,68
Coke,79,62,83,76,43,72,70,36,66,79,75,75,68,80,70,70,74,78,69,60,74,76,62,60,74,63,76,78,77,10,9,13,6,16
Postigo,39,46,69,65,42,52,30,26,62,65,62,65,63,69,50,60,80,68,83,34,78,74,30,29,40,65,77,76,73,13,13,7,7,10
Chema Rodríguez,48,52,72,68,69,55,32,32,65,66,72,68,69,66,63,72,82,70,77,56,77,74,25,54,46,65,73,74,76,15,11,6,14,12
Luna,76,59,59,74,56,67,58,45,63,73,74,76,67,67,69,78,80,80,75,55,82,69,61,50,43,66,67,76,79,6,12,5,15,8
C. Doukouré,59,58,72,73,52,66,59,69,70,74,78,76,76,69,75,73,80,83,80,66,75,72,66,63,59,65,67,77,74,15,15,15,10,11
Jason,65,71,56,72,66,80,73,74,52,76,82,79,78,68,78,75,67,65,66,71,48,27,73,69,72,63,23,31,26,9,9,11,11,14
E. Bardhi,79,71,52,77,72,78,88,87,69,77,78,68,77,68,80,82,53,69,50,78,57,26,68,75,75,80,32,42,31,12,13,8,12,6
J. Lerma,69,56,58,76,53,71,67,68,71,75,76,79,76,72,76,80,81,90,75,75,78,74,58,68,58,63,60,75,80,16,14,11,7,9
Morales,76,75,54,71,61,85,78,71,63,77,89,88,79,73,66,74,62,77,53,80,58,58,74,71,73,67,43,54,45,14,13,13,16,8
E. Boateng,57,72,67,65,69,76,55,41,46,73,87,85,90,72,75,76,90,81,69,59,62,25,71,56,64,73,29,35,34,15,13,13,14,12
G. Pazzini,50,82,90,65,80,67,63,40,40,74,66,66,72,70,78,68,93,56,66,40,70,20,86,58,82,78,16,22,20,5,5,5,5,3
Campaña,73,64,65,81,57,75,81,80,76,81,66,66,68,74,75,77,58,76,73,74,68,75,70,77,69,70,70,76,74,8,11,6,7,10
Ivi,69,72,59,70,66,78,57,66,60,77,85,83,82,72,82,78,76,71,64,72,49,38,71,66,72,63,25,36,29,13,15,12,7,12
Toño García,82,57,49,74,44,74,81,59,66,77,84,86,76,73,79,58,65,82,64,61,56,71,69,68,62,73,66,72,73,15,13,7,10,15
Pedro López,77,53,53,70,51,68,69,56,64,73,70,70,70,69,74,74,66,74,63,66,77,73,59,59,58,67,72,74,67,10,12,16,12,14
Róber,52,47,70,71,47,53,42,42,56,70,65,63,57,65,64,36,76,66,68,39,64,71,49,46,39,62,73,76,77,13,13,15,16,7
Iván Villar,13,12,16,23,12,21,20,15,22,17,32,33,38,65,37,21,52,30,52,15,18,18,12,46,23,22,13,15,15,71,62,65,64,70
A. Sadiku,34,68,58,48,51,59,54,31,33,64,74,78,60,66,57,68,71,59,69,64,58,39,69,46,63,63,20,37,24,9,15,9,11,7
F. Al Muwallad,67,71,58,67,69,76,56,48,55,70,93,93,79,69,70,80,82,84,59,70,69,45,66,65,69,69,30,30,28,12,13,13,7,11
Roger,66,75,69,68,78,73,41,46,48,76,79,82,79,71,76,80,75,73,72,68,65,23,81,64,76,70,16,35,28,15,13,15,14,8
Iván López,72,52,52,70,47,72,73,39,66,71,81,78,74,65,80,68,67,67,66,65,66,70,59,63,49,61,66,73,74,14,11,11,10,10
Alex Alegría,48,68,71,65,74,68,66,22,39,75,54,60,66,64,47,69,69,65,79,64,53,19,76,48,63,68,22,20,25,13,8,13,13,6
S. Lukić,66,54,58,78,68,77,72,68,72,77,71,73,68,66,73,68,65,66,67,64,64,67,58,71,66,76,61,69,69,9,11,13,9,6
S. Moore,66,47,55,65,45,65,48,35,58,69,79,82,75,69,66,59,71,77,68,55,56,66,58,48,46,56,63,65,67,6,15,11,13,12
E. Cabaco,22,30,76,62,28,48,38,27,48,70,68,64,56,55,49,52,68,60,70,28,65,53,60,40,32,62,72,73,70,11,7,13,14,6
Rochina,75,70,54,76,68,79,76,68,74,80,75,72,67,73,68,82,71,71,73,81,71,54,75,76,67,72,20,54,40,7,16,11,13,13
E. El Id,46,33,57,66,46,52,38,36,61,65,63,67,62,56,61,55,73,74,80,52,70,63,39,57,37,50,63,68,58,13,13,9,14,10
Fran Manzanera,37,36,56,61,26,51,28,24,56,65,64,68,65,63,64,35,71,61,47,40,54,59,28,50,39,39,63,68,67,5,6,7,6,8
Juan Delgado,45,63,57,56,61,57,48,38,38,61,68,53,67,52,72,70,67,49,54,60,45,17,62,51,62,52,16,16,24,12,9,14,10,13
Quintana,56,52,44,70,55,60,61,58,68,57,68,66,56,47,80,62,40,59,56,63,38,42,51,58,57,52,36,49,32,10,12,6,12,14
Koke Vegas,13,12,15,12,15,11,13,12,20,10,22,25,39,59,42,21,52,29,55,15,15,12,10,42,11,28,13,12,10,65,64,58,61,63
Raúl Fernández,23,13,13,29,22,16,24,14,26,14,36,47,40,68,49,24,65,32,79,24,21,21,11,21,24,19,11,11,11,73,76,60,74,72
Guaita,35,11,20,39,13,16,32,20,33,24,51,52,63,68,48,45,68,41,62,15,24,27,13,45,29,30,10,15,17,72,74,73,71,75
D. Suárez,73,59,54,70,59,62,63,70,66,65,77,84,81,68,74,80,80,84,74,70,80,71,59,52,67,65,68,70,80,16,9,9,15,7
Bruno,21,23,77,65,23,34,49,31,68,64,34,39,30,76,32,66,65,72,86,22,81,74,36,35,42,69,79,80,75,12,9,8,13,8
D. Djené,60,29,62,48,22,44,51,48,54,59,78,78,77,67,73,67,79,80,70,27,81,69,49,39,41,62,68,71,72,7,15,7,10,10
Antunes,81,56,57,73,69,74,82,80,76,77,78,82,78,75,76,87,63,86,69,84,75,80,70,66,61,70,74,79,81,10,7,10,9,14
Markel Bergara,58,65,62,77,47,64,60,71,76,63,65,36,60,76,68,61,69,69,81,66,80,83,59,76,59,63,69,82,76,11,15,11,15,16
M. Arambarri,59,44,60,75,43,69,66,46,71,72,54,59,61,64,73,57,60,66,65,49,70,62,57,60,50,57,66,67,65,7,13,13,15,7
Portillo,75,64,59,72,59,74,75,56,69,71,69,66,78,71,86,59,58,75,58,68,48,48,69,75,49,67,59,49,46,14,15,8,16,11
A. Ndiaye Diedhiou,63,75,58,68,59,86,51,29,58,71,90,90,87,68,79,71,83,76,64,61,62,41,76,67,49,75,37,52,35,6,7,14,8,9
Ángel,56,76,65,64,65,74,49,50,49,75,76,77,82,73,76,69,76,63,61,63,62,26,71,60,69,62,14,23,20,6,13,8,14,11
Jorge Molina,49,77,82,61,74,56,55,59,44,72,32,32,39,74,34,83,47,78,88,66,76,41,82,69,80,73,30,32,19,6,14,8,13,14
L. Rémy,60,79,76,69,70,74,66,51,60,73,79,77,75,77,64,76,83,66,74,74,59,48,83,71,76,76,23,24,21,9,10,15,14,12
M. Flamini,63,58,70,74,73,61,65,56,71,72,63,57,62,74,72,78,70,69,73,65,83,77,69,68,61,77,73,76,72,7,12,6,6,7
F. Fajr,81,69,49,76,69,76,82,77,75,79,68,66,76,68,72,73,43,67,68,79,59,31,69,77,73,63,51,53,54,15,12,14,15,6
G. Shibasaki,68,66,56,78,61,74,59,67,75,77,73,70,78,76,77,64,67,77,60,62,62,74,65,80,71,75,72,71,70,10,13,13,9,6
Dani Pacheco,63,69,47,74,62,80,83,80,71,82,75,74,88,70,90,59,78,72,58,68,48,33,61,72,69,61,26,28,23,12,8,10,13,12
L. Cabrera,60,23,76,57,27,52,46,48,59,57,63,68,67,59,56,42,90,79,82,35,77,63,34,45,49,56,68,70,74,10,16,10,15,16
E. Martinez,22,16,26,27,23,13,22,20,46,26,59,57,49,60,49,28,60,14,70,26,37,13,12,49,42,37,12,20,20,71,68,73,67,72
Molinero,73,45,59,70,54,59,66,40,59,68,74,78,78,72,74,69,78,75,69,59,80,67,59,59,49,66,69,65,73,8,10,10,13,13
Álvaro,74,60,48,61,69,77,74,49,50,72,80,79,68,59,73,75,57,78,59,66,57,48,69,67,49,62,50,39,32,7,12,10,7,5
Mora,67,56,36,79,49,54,83,80,82,68,44,39,66,63,58,74,33,61,70,72,80,60,56,75,71,80,60,69,58,15,13,15,10,7
M. Olivera,69,20,64,66,26,47,42,41,42,66,64,63,53,68,57,28,64,61,61,21,52,65,42,33,30,30,67,72,69,14,14,12,13,15
M. Ndockyt,35,59,46,72,34,62,37,34,68,61,67,69,58,69,74,48,58,69,54,57,58,41,74,62,38,40,31,34,37,14,5,9,11,9
K. Baysal,59,48,54,70,47,70,61,65,64,72,68,63,70,54,75,65,58,64,44,59,58,47,59,65,70,55,46,53,49,13,15,7,16,8
Calderón,67,60,36,60,42,72,46,53,60,62,71,72,70,55,60,60,52,46,44,59,29,19,53,55,58,52,20,32,29,6,14,12,9,13
Tamayo,45,66,60,53,47,58,53,44,40,61,66,65,70,54,79,64,62,43,52,61,33,15,56,58,70,53,19,18,22,9,16,10,6,10
G. Quezada,49,39,59,67,45,49,39,39,59,66,63,60,62,63,70,49,57,51,70,49,56,54,49,62,39,62,59,49,49,7,11,6,9,9
Diego Barri,54,26,52,48,25,52,28,33,28,52,61,63,57,60,55,24,65,64,59,28,48,61,50,42,35,38,56,60,63,7,10,13,13,6
F. Manojlović,11,8,13,22,5,14,10,12,24,16,21,18,36,67,21,17,34,17,74,9,18,10,7,21,16,30,5,12,10,73,69,71,64,70
Iván Cuéllar,35,15,13,23,17,14,25,20,28,13,59,43,57,72,46,24,65,44,65,12,28,18,12,42,25,26,10,11,15,73,75,77,72,77
Zaldúa,74,25,68,71,23,55,53,41,55,65,73,72,64,68,72,48,67,66,60,40,78,76,49,34,32,63,72,73,75,7,15,14,11,11
Bustinza,74,30,73,68,23,56,45,35,53,69,68,71,64,64,71,44,75,80,71,38,71,76,52,50,33,64,70,75,73,14,12,11,13,7
D. Siovas,33,38,66,68,55,62,56,28,70,67,38,40,50,66,53,66,77,83,86,37,76,79,40,49,40,68,77,78,70,9,14,11,10,10
Diego Rico,76,38,72,73,53,66,71,69,57,67,72,79,68,65,70,82,74,89,76,72,70,78,59,63,43,64,70,75,74,10,9,15,11,10
Rubén Pérez,52,43,56,76,26,62,55,57,68,70,59,55,63,72,68,79,73,80,71,71,87,83,58,74,50,71,63,79,64,11,8,13,9,15
Gabriel,64,70,77,76,52,80,76,74,69,80,68,57,66,74,68,71,81,76,79,73,61,67,71,76,66,72,52,66,59,12,8,14,15,15
N. El Zhar,74,72,49,73,59,81,75,58,60,74,78,71,84,73,76,81,62,68,60,71,58,37,72,74,72,65,23,38,36,7,10,16,8,13
A. Szymanowski,78,77,67,74,66,78,69,57,63,74,91,86,84,72,87,68,56,74,60,68,55,28,75,76,70,71,33,42,45,11,8,10,12,6
Eraso,64,74,54,80,59,68,53,59,76,71,63,64,52,84,59,70,73,86,67,67,82,67,81,68,53,80,49,64,57,10,15,9,9,14
C. Beauvue,72,71,87,71,83,72,59,71,61,73,72,69,81,63,75,81,78,48,62,64,54,43,70,64,70,61,36,45,21,16,15,8,15,13
Guerrero,46,75,75,70,74,66,66,50,61,70,68,72,64,75,71,78,69,72,62,62,80,32,76,64,69,81,23,41,33,11,6,11,16,12
Omar Ramos,78,63,46,74,54,81,84,61,67,75,79,77,85,65,79,62,67,67,55,70,58,30,69,76,73,70,27,32,35,6,13,16,14,10
Gerard,48,55,68,81,46,60,64,62,76,77,39,31,58,58,47,70,43,57,73,72,60,70,48,67,50,61,58,75,50,10,14,14,12,9
M. Mantovani,47,37,79,72,55,55,63,45,65,67,41,38,53,72,61,59,66,78,82,34,90,73,46,33,42,67,74,74,67,9,9,11,14,12
Raul García,76,58,61,72,54,62,75,73,68,70,73,75,77,68,82,72,77,87,70,64,74,72,62,65,64,64,72,73,74,13,6,11,15,9
E. Muñoz,30,19,73,58,18,38,29,30,55,53,52,54,50,65,44,57,82,68,79,31,78,69,21,29,21,62,75,76,75,11,11,7,11,12
N. Champagne,13,17,20,18,16,12,15,18,25,15,40,36,56,67,32,25,62,31,62,15,30,23,10,50,20,44,20,14,13,70,68,66,72,71
N. Amrabat,76,74,68,78,73,83,77,68,67,79,83,80,87,74,79,81,56,75,79,72,71,54,73,78,77,70,47,65,55,11,14,7,6,13
M. Dos Santos,52,37,69,68,32,39,53,43,56,66,60,64,64,68,61,52,79,69,79,33,81,73,42,41,46,68,73,76,74,8,14,6,13,12
Naranjo,67,76,63,66,58,77,67,64,62,75,79,82,77,71,59,70,67,56,71,72,39,14,72,66,66,71,19,23,17,10,12,15,14,7
Tito,77,43,58,68,36,65,40,42,67,69,70,72,73,69,79,59,78,71,63,36,69,74,48,58,44,64,69,74,76,11,12,16,10,14
D. Brašanac,58,61,64,74,52,63,57,59,75,71,64,60,59,79,68,79,67,71,71,62,81,64,76,72,70,77,48,71,68,6,14,9,9,9
Y. Al Shehri,70,62,46,73,59,72,73,63,68,71,74,75,82,67,73,69,41,73,53,66,50,43,66,70,61,64,33,34,42,15,13,11,12,15
Gabri Salazar,42,67,72,54,61,62,34,52,45,60,60,67,53,58,71,67,68,59,58,58,45,23,56,42,58,45,16,18,24,8,11,15,10,7
Álex Mozo,52,55,47,65,61,65,54,56,61,69,71,65,68,53,79,50,47,62,42,53,44,54,60,50,66,52,46,53,59,16,11,12,13,12
Sergio Arribas,51,41,39,68,42,61,53,46,65,65,56,57,63,58,62,51,60,49,52,42,48,30,53,65,46,60,45,53,48,15,12,11,6,14
Serantes,17,18,19,21,13,16,22,13,39,25,55,65,58,71,41,44,72,44,52,14,27,11,13,33,18,28,18,20,23,81,72,74,71,77